,number,value,datetime_start,datetime_complete,duration,params_batch_size,params_clip_range,params_ent_coef,params_gae_lambda,params_gamma,params_learning_rate,params_max_grad_norm,params_n_epochs,params_n_steps,params_vf_coef,state
0,0,-1.0,2022-03-06 15:40:23.262867,2022-03-06 15:41:50.359611,0 days 00:01:27.096744,32,0.3,0.004719014138135538,0.9,0.95,2.9464486831626676e-05,0.3,5,256,0.565940856512966,COMPLETE
1,1,1.6666666666666667,2022-03-06 15:41:50.359611,2022-03-06 15:42:47.113371,0 days 00:00:56.753760,256,0.3,0.0028203649889090333,0.8,0.9,2.0372396680116798e-05,0.3,1,256,0.31609139366355443,COMPLETE
2,2,-1.0,2022-03-06 15:42:47.113371,2022-03-06 15:43:51.861569,0 days 00:01:04.748198,32,0.1,0.000550864020365038,0.9,0.9999,1.065068296079158e-05,0.3,1,512,0.6323762269275985,COMPLETE
3,3,,2022-03-06 15:43:51.861569,,,512,0.1,0.0029149890079534302,1.0,0.9,0.00028549102366800323,0.9,5,128,0.7841833002884634,RUNNING
4,4,-2.3333333333333335,2022-03-06 15:44:21.843847,2022-03-06 15:45:33.931925,0 days 00:01:12.088078,64,0.1,0.002800085046613807,0.95,0.95,6.352262862036287e-05,1.0,5,256,0.4100583191740027,COMPLETE
5,5,0.0,2022-03-06 15:45:33.947550,2022-03-06 15:46:30.538395,0 days 00:00:56.590845,64,0.4,0.0049106403862238255,0.95,0.995,4.424900425882993e-05,2.0,1,64,0.4986489276006961,COMPLETE
6,6,-3.3333333333333335,2022-03-06 15:46:30.554021,2022-03-06 15:47:18.121488,0 days 00:00:47.567467,256,0.2,0.00021098926644540542,0.8,0.9,0.0007606787011981706,0.5,20,128,0.021417992263401964,PRUNED
7,7,-0.6666666666666666,2022-03-06 15:47:18.121488,2022-03-06 15:47:48.848744,0 days 00:00:30.727256,512,0.3,0.001163880523077664,1.0,0.99,0.000291789700745463,0.7,10,2048,0.9953034788776833,PRUNED
8,8,4.333333333333333,2022-03-06 15:47:48.848744,2022-03-06 15:48:46.384985,0 days 00:00:57.536241,128,0.3,0.00996854416707866,0.99,0.9,1.110254746541262e-05,5.0,1,1024,0.1463444427428761,COMPLETE
9,9,2.3333333333333335,2022-03-06 15:48:46.384985,2022-03-06 15:49:34.762315,0 days 00:00:48.377330,128,0.4,0.009669671400651137,0.99,0.999,0.00015981156136531094,5.0,20,1024,0.04690110648886775,PRUNED
10,10,-1.3333333333333333,2022-03-06 15:49:34.762315,2022-03-06 15:50:48.828736,0 days 00:01:14.066421,128,0.2,0.00010536414391609583,0.98,0.9,1.0833814403354363e-05,0.9,10,1024,0.26065238844252103,COMPLETE
11,11,1.0,2022-03-06 15:50:48.828736,2022-03-06 15:51:16.190112,0 days 00:00:27.361376,128,0.3,0.0008861822101586333,0.99,0.999,0.00014525830357029878,5.0,1,1024,0.7695809470777355,PRUNED
12,12,-4.0,2022-03-06 15:51:16.190112,2022-03-06 15:51:42.085226,0 days 00:00:25.895114,256,0.3,0.00883270058399619,0.8,0.9,2.0438739086607646e-05,0.3,1,256,0.2329160765336829,PRUNED
13,13,2.3333333333333335,2022-03-06 15:51:42.085226,2022-03-06 15:52:36.827423,0 days 00:00:54.742197,256,0.3,0.0022781000529666596,0.92,0.9,1.8657406004402554e-05,5.0,1,2048,0.2139038570835118,COMPLETE
14,14,-0.3333333333333333,2022-03-06 15:52:37.614423,2022-03-06 15:53:35.363267,0 days 00:00:57.748844,512,0.3,0.0016567800882844052,0.92,0.9,1.1254809110436641e-05,5.0,1,2048,0.1561173122976665,COMPLETE
15,15,-2.0,2022-03-06 15:53:35.363267,2022-03-06 15:54:05.125587,0 days 00:00:29.762320,256,0.3,0.0004556376482502612,0.92,0.9999,7.335609367383143e-05,5.0,1,2048,0.137896295740828,PRUNED
16,16,-2.6666666666666665,2022-03-06 15:54:05.125587,2022-03-06 15:54:35.109372,0 days 00:00:29.983785,128,0.3,0.005170552817276024,0.92,0.99,2.606302534560265e-05,5.0,1,64,0.3745206205647683,PRUNED
17,17,7.666666666666667,2022-03-06 15:54:35.109372,2022-03-06 15:55:44.104507,0 days 00:01:08.995135,256,0.4,0.002076470411065495,0.99,0.995,1.736077125908686e-05,0.7,10,512,0.18396492934609354,COMPLETE
18,18,5.0,2022-03-06 15:55:44.104507,2022-03-06 15:56:22.541954,0 days 00:00:38.437447,128,0.4,0.0007255706769429962,0.99,0.995,3.736096080637909e-05,0.7,10,512,0.09874943797725369,PRUNED
19,19,9.333333333333334,2022-03-06 15:56:22.541954,2022-03-06 15:57:27.859200,0 days 00:01:05.317246,512,0.4,0.0003195808603766084,0.99,0.995,0.0005674718814446484,0.7,10,512,0.41707447811805726,COMPLETE
20,20,5.666666666666667,2022-03-06 15:57:27.859200,2022-03-06 15:58:33.985971,0 days 00:01:06.126771,512,0.4,0.00032461895129076804,0.99,0.995,0.0008875926660428429,0.7,10,512,0.7060776195760261,COMPLETE
21,21,10.666666666666666,2022-03-06 15:58:33.985971,2022-03-06 15:59:40.686763,0 days 00:01:06.700792,512,0.4,0.00020748204367118143,1.0,0.995,0.0005003504726077347,0.7,10,512,0.4266804049723691,COMPLETE
22,22,11.0,2022-03-06 15:59:40.686763,2022-03-06 16:00:48.812529,0 days 00:01:08.125766,512,0.4,0.0001909145813198715,1.0,0.995,0.00044815201164218234,0.7,10,512,0.4705617303379153,COMPLETE
23,23,-1.6666666666666667,2022-03-06 16:00:48.812529,2022-03-06 16:01:22.745960,0 days 00:00:33.933431,512,0.4,0.000154325888527533,1.0,0.995,0.0004916809214208726,0.7,10,512,0.4702581714587705,PRUNED
24,24,7.333333333333333,2022-03-06 16:01:24.011585,2022-03-06 16:02:26.815510,0 days 00:01:02.803925,512,0.4,0.00021751350003599621,1.0,0.995,0.00033966104760652164,0.7,10,512,0.571501143761162,COMPLETE
25,25,4.666666666666667,2022-03-06 16:02:26.815510,2022-03-06 16:02:57.446251,0 days 00:00:30.630741,512,0.4,0.0003198088024065338,1.0,0.995,0.000580025738430695,0.7,10,512,0.3982874720310635,PRUNED
26,26,2.0,2022-03-06 16:02:57.446251,2022-03-06 16:04:10.762666,0 days 00:01:13.316415,512,0.4,0.000100781141937235,1.0,0.995,0.000314929244001342,0.5,10,128,0.3281254405233227,COMPLETE
27,27,1.0,2022-03-06 16:04:10.764666,2022-03-06 16:04:40.996667,0 days 00:00:30.232001,512,0.4,0.00016923507004008615,0.98,0.995,0.0001917929198749967,2.0,10,512,0.8456193767141511,PRUNED
28,28,2.6666666666666665,2022-03-06 16:04:40.997667,2022-03-06 16:05:53.554557,0 days 00:01:12.556890,512,0.2,0.0003188553126663709,1.0,0.995,0.0005785399742118652,1.0,20,512,0.45831298796239484,COMPLETE
29,29,-8.0,2022-03-06 16:05:53.554557,2022-03-06 16:06:21.682116,0 days 00:00:28.127559,512,0.1,0.0004438245159421073,1.0,0.995,0.0004202375318669454,0.9,5,512,0.6236924532235752,PRUNED
30,30,3.0,2022-03-06 16:06:21.682116,2022-03-06 16:07:01.964596,0 days 00:00:40.282480,32,0.4,0.00016192676210528172,0.9,0.95,0.0009848382122536264,0.7,5,512,0.5590704429967338,PRUNED
31,31,18.0,2022-03-06 16:07:01.965583,2022-03-06 16:08:27.414430,0 days 00:01:25.448847,64,0.4,0.0002329670536702607,1.0,0.999,0.00022482965876627434,0.7,10,64,0.3016963234881387,COMPLETE
32,32,6.333333333333333,2022-03-06 16:08:27.414430,2022-03-06 16:09:10.241166,0 days 00:00:42.826736,64,0.4,0.00023729384499034377,1.0,0.999,0.000191371976243962,0.7,10,64,0.3340115561285624,PRUNED
33,33,23.0,2022-03-06 16:09:10.241166,2022-03-06 16:10:36.162996,0 days 00:01:25.921830,64,0.4,0.00012591867363878672,1.0,0.999,0.00025116496182968915,0.7,10,64,0.2846445609227317,COMPLETE
34,34,10.666666666666666,2022-03-06 16:10:37.313705,2022-03-06 16:12:03.538091,0 days 00:01:26.224386,64,0.4,0.00013552451135005302,1.0,0.999,0.0002459604549412214,0.7,10,64,0.5466724605576266,COMPLETE
35,35,0.3333333333333333,2022-03-06 16:12:03.538091,2022-03-06 16:12:46.112057,0 days 00:00:42.573966,64,0.1,0.00012813015108938288,1.0,0.999,0.0002453660503846801,0.7,10,64,0.2700284600468471,PRUNED
36,36,-3.0,2022-03-06 16:12:46.112057,2022-03-06 16:13:28.660019,0 days 00:00:42.547962,64,0.4,0.0002372880354920922,1.0,0.999,0.00011969669311780416,1.0,10,64,0.2999111566016765,PRUNED
37,37,8.333333333333334,2022-03-06 16:13:28.660019,2022-03-06 16:14:37.323414,0 days 00:01:08.663395,64,0.4,0.00012784953420131974,0.95,0.999,8.865668789295122e-05,0.3,5,64,0.5497199363455689,COMPLETE
38,38,6.666666666666667,2022-03-06 16:14:37.323414,2022-03-06 16:15:20.614833,0 days 00:00:43.291419,64,0.2,0.00012412280543101634,0.9,0.999,0.0002616834376992438,2.0,10,64,0.6581322407259153,PRUNED
39,39,5.0,2022-03-06 16:15:20.614833,2022-03-06 16:16:53.491477,0 days 00:01:32.876644,32,0.1,0.00019019194244912214,1.0,0.9999,0.00038827573547489994,0.5,20,256,0.3638823084666144,PRUNED
40,40,1.3333333333333333,2022-03-06 16:16:53.491477,2022-03-06 16:17:40.436721,0 days 00:00:46.945244,64,0.4,0.0005952040821753053,1.0,0.95,0.0007539813341881872,0.7,10,128,0.4342615635227132,PRUNED
41,41,6.666666666666667,2022-03-06 16:17:40.436721,2022-03-06 16:18:24.732285,0 days 00:00:44.295564,64,0.4,0.00040264614224360914,0.8,0.99,0.00020466788683753804,0.9,10,64,0.4932417573058757,PRUNED
42,42,7.333333333333333,2022-03-06 16:18:24.732285,2022-03-06 16:19:13.844015,0 days 00:00:49.111730,64,0.4,0.0002381655374798968,1.0,0.999,0.0004264513473142961,0.7,10,64,0.508391297083948,PRUNED
43,43,7.0,2022-03-06 16:19:13.844015,2022-03-06 16:20:04.050201,0 days 00:00:50.206186,64,0.4,0.00012800497315196667,1.0,0.999,0.00023572198745195038,0.7,10,64,0.2899388131253543,PRUNED
44,44,-2.3333333333333335,2022-03-06 16:20:05.308202,2022-03-06 16:20:53.495201,0 days 00:00:48.186999,64,0.4,0.00015404557590919076,0.95,0.999,0.00015569326604874208,0.7,10,64,0.5224466506042987,PRUNED
45,45,,2022-03-06 16:20:53.496202,,,32,0.4,0.00020187875640888614,0.98,0.999,0.00011131205159583251,0.7,10,64,0.3784092743008375,RUNNING
46,46,7.666666666666667,2022-03-06 16:22:12.476054,2022-03-06 16:23:12.733617,0 days 00:01:00.257563,32,0.4,0.0002737917289424794,0.98,0.999,0.000325150317465018,0.7,10,64,0.5891123964436288,PRUNED
47,47,4.0,2022-03-06 16:23:12.734616,2022-03-06 16:24:17.672494,0 days 00:01:04.937878,64,0.2,0.0001868570515045406,1.0,0.9999,0.00011031464621436666,0.3,20,256,0.35509963233884784,PRUNED
48,48,7.333333333333333,2022-03-06 16:24:17.672494,2022-03-06 16:25:02.457927,0 days 00:00:44.785433,64,0.4,0.0001011806976713019,1.0,0.999,0.0007422930340778752,0.7,10,1024,0.24195717230678992,PRUNED
49,49,-3.3333333333333335,2022-03-06 16:25:02.457927,2022-03-06 16:25:38.400429,0 days 00:00:35.942502,64,0.4,0.0011083091957413273,1.0,0.95,0.00013132850639110353,2.0,5,128,0.7140583177008959,PRUNED
50,50,3.0,2022-03-06 16:25:38.400429,2022-03-06 16:26:22.622980,0 days 00:00:44.222551,64,0.1,0.00014066326927388527,0.8,0.99,5.662054822483628e-05,1.0,10,64,0.44139892025233274,PRUNED
51,51,-0.3333333333333333,2022-03-06 16:26:22.622980,2022-03-06 16:27:15.680549,0 days 00:00:53.057569,32,0.4,0.0001918668759911075,0.9,0.999,0.0003758878675810759,0.7,10,2048,0.4031712447926216,PRUNED
52,52,3.0,2022-03-06 16:27:15.680549,2022-03-06 16:27:56.422548,0 days 00:00:40.741999,512,0.4,0.0005149241567387381,1.0,0.999,0.0002743138098033221,0.5,10,64,0.08061636938750205,PRUNED
53,53,18.0,2022-03-06 16:27:56.422548,2022-03-06 16:28:54.182784,0 days 00:00:57.760236,512,0.4,0.0002826429716135438,0.95,0.995,0.0005585590103686466,0.7,10,512,0.41164422992719063,COMPLETE
54,54,-2.3333333333333335,2022-03-06 16:28:54.182784,2022-03-06 16:29:24.309182,0 days 00:00:30.126398,512,0.4,0.0002757555670004809,0.95,0.995,0.0005093135548433198,0.7,10,512,0.38675419172602865,PRUNED
55,55,6.666666666666667,2022-03-06 16:29:24.309182,2022-03-06 16:29:52.488101,0 days 00:00:28.178919,512,0.4,0.0003614920469846853,0.95,0.995,0.0006692315689920909,0.7,10,512,0.19957962712759456,PRUNED
56,56,11.333333333333334,2022-03-06 16:29:54.005035,2022-03-06 16:31:00.689448,0 days 00:01:06.684413,256,0.4,0.00025546235719829614,0.95,0.9,0.00046579563185177416,0.7,10,1024,0.47910471950734157,COMPLETE
57,57,5.333333333333333,2022-03-06 16:31:00.705071,2022-03-06 16:31:34.409845,0 days 00:00:33.704774,256,0.4,0.00026611881635116633,0.95,0.9,0.00020890023069598544,0.7,10,1024,0.617305053706625,PRUNED
58,58,6.333333333333333,2022-03-06 16:31:34.409845,2022-03-06 16:32:15.458668,0 days 00:00:41.048823,256,0.2,0.0007755841606514052,0.95,0.9,0.00047789353581693836,0.9,20,1024,0.46400546145945,PRUNED
59,59,5.333333333333333,2022-03-06 16:32:15.458668,2022-03-06 16:32:48.712384,0 days 00:00:33.253716,256,0.4,0.0001987009945457273,0.95,0.9,0.0006825458426502887,0.7,10,1024,0.3170929195726357,PRUNED
60,60,2.3333333333333335,2022-03-06 16:32:48.712384,2022-03-06 16:33:14.492582,0 days 00:00:25.780198,256,0.3,0.0013863682935467737,0.95,0.9,0.00016801606818234483,0.7,1,1024,0.5324777107358607,PRUNED
61,61,-0.3333333333333333,2022-03-06 16:33:14.492582,2022-03-06 16:33:47.912765,0 days 00:00:33.420183,128,0.4,0.0037871489660073047,0.92,0.9999,0.00029299764655260825,0.3,10,2048,0.4736606124122085,PRUNED
62,62,8.0,2022-03-06 16:33:47.912765,2022-03-06 16:34:19.613034,0 days 00:00:31.700269,256,0.4,0.0001151150394324051,0.98,0.99,0.0003354550364574395,0.7,10,256,0.8530547003736195,PRUNED
63,63,-1.3333333333333333,2022-03-06 16:34:19.613034,2022-03-06 16:34:49.119110,0 days 00:00:29.506076,512,0.4,0.00016603879562868183,1.0,0.995,0.0004837757634779345,0.7,10,512,0.41431040041969447,PRUNED
64,64,-1.0,2022-03-06 16:34:49.119110,2022-03-06 16:35:19.370048,0 days 00:00:30.250938,512,0.4,0.0002180070703345643,1.0,0.995,0.0006121886424382998,0.7,10,512,0.3712977504864109,PRUNED
65,65,11.333333333333334,2022-03-06 16:35:19.370048,2022-03-06 16:36:21.504096,0 days 00:01:02.134048,512,0.4,0.00036652592579228315,0.95,0.995,0.0008780557583333732,0.7,10,512,0.49345828433069683,COMPLETE
66,66,-16290.0,2022-03-06 16:36:23.050971,2022-03-06 16:38:55.049509,0 days 00:02:31.998538,512,0.4,0.00028459011234601014,0.95,0.9,0.0009035612555659508,0.7,10,64,0.5925808039423501,PRUNED
67,67,22.333333333333332,2022-03-06 16:38:55.049509,2022-03-06 16:39:57.654870,0 days 00:01:02.605361,512,0.4,0.0003580524399153487,0.95,0.995,0.0008549589569053936,5.0,10,512,0.3430983554148593,COMPLETE
68,68,2.6666666666666665,2022-03-06 16:39:57.654870,2022-03-06 16:40:27.800763,0 days 00:00:30.145893,512,0.4,0.00038142236439580777,0.95,0.995,0.0008713833236465036,5.0,10,512,0.2531498187348413,PRUNED
69,69,2.0,2022-03-06 16:40:27.800763,2022-03-06 16:40:55.499071,0 days 00:00:27.698308,512,0.3,0.0004896024658776902,0.95,0.995,0.0008299419445096951,5.0,5,512,0.3494882488322789,PRUNED
70,70,3.6666666666666665,2022-03-06 16:40:55.499071,2022-03-06 16:41:21.278914,0 days 00:00:25.779843,512,0.4,0.0006884021014631877,0.95,0.995,0.0006640112544060025,5.0,1,512,0.27885127229237855,PRUNED
71,71,5.666666666666667,2022-03-06 16:41:21.278914,2022-03-06 16:42:22.210299,0 days 00:01:00.931385,512,0.1,0.00034685111966681516,0.95,0.995,0.0009965190471094203,5.0,10,512,0.16801322624381354,COMPLETE
72,72,5.333333333333333,2022-03-06 16:42:22.210299,2022-03-06 16:42:56.368213,0 days 00:00:34.157914,128,0.4,0.0005813453428582339,0.95,0.995,0.00036359300574098115,1.0,10,512,0.21223235172622756,PRUNED
73,73,6.0,2022-03-06 16:42:56.368213,2022-03-06 16:43:31.228690,0 days 00:00:34.860477,512,0.4,0.00014728541975849346,0.95,0.999,0.0005327814530666521,0.7,10,128,0.4987338303216563,PRUNED
74,74,16.333333333333332,2022-03-06 16:43:31.228690,2022-03-06 16:44:57.233222,0 days 00:01:26.004532,64,0.4,0.0002514492801894657,0.8,0.95,0.0004542483313259434,0.7,10,1024,0.44175033958658894,COMPLETE
75,75,6.333333333333333,2022-03-06 16:44:57.233222,2022-03-06 16:45:28.865463,0 days 00:00:31.632241,256,0.4,0.00031162625643167306,0.8,0.95,0.00043029856817269197,2.0,10,1024,0.32288315107384274,PRUNED
76,76,8.666666666666666,2022-03-06 16:45:30.552964,2022-03-06 16:46:56.337138,0 days 00:01:25.784174,64,0.4,0.00043586227782614807,0.8,0.95,0.0006217197655480863,0.5,10,1024,0.4419966228999537,COMPLETE
77,77,7.666666666666667,2022-03-06 16:46:56.337138,2022-03-06 16:47:25.600725,0 days 00:00:29.263587,512,0.4,0.00025512811446760816,0.8,0.95,0.0007380592831224894,0.7,10,1024,0.3923208725983782,PRUNED
78,78,6.0,2022-03-06 16:47:25.600725,2022-03-06 16:48:05.102316,0 days 00:00:39.501591,64,0.2,0.00021385197198902465,0.99,0.95,0.0004353391592370542,0.7,10,1024,0.2980553697135323,PRUNED
79,79,9.0,2022-03-06 16:48:05.102316,2022-03-06 16:48:40.211769,0 days 00:00:35.109453,512,0.4,0.0003063169264822038,0.92,0.995,0.0008045080260190543,0.9,20,512,0.48097975647287977,PRUNED
80,80,0.0,2022-03-06 16:48:40.211769,2022-03-06 16:49:35.449052,0 days 00:00:55.237283,32,0.4,0.000180098976287978,0.8,0.995,0.0005897568170619931,5.0,10,512,0.3384760326828628,PRUNED
81,81,2.6666666666666665,2022-03-06 16:49:35.449052,2022-03-06 16:50:16.118752,0 days 00:00:40.669700,64,0.4,0.00023747159756714077,0.9,0.9,0.00029467360790945657,0.7,10,1024,0.4185652392498863,PRUNED
82,82,5.0,2022-03-06 16:50:16.118752,2022-03-06 16:50:44.887490,0 days 00:00:28.768738,128,0.3,0.00035395339696035944,0.95,0.9999,0.0003836167495527347,0.7,5,2048,0.45456754852517467,PRUNED
83,83,-4.333333333333333,2022-03-06 16:50:44.887490,2022-03-06 16:51:26.071434,0 days 00:00:41.183944,64,0.4,0.00014417129695495201,1.0,0.999,0.00045285945492398835,0.7,10,64,0.5450425489748414,PRUNED
84,84,5.333333333333333,2022-03-06 16:51:26.071434,2022-03-06 16:52:07.922985,0 days 00:00:41.851551,64,0.4,0.00011716265201988441,0.98,0.999,0.0002458663130916325,0.7,10,64,0.5084999678326593,PRUNED
85,85,18.0,2022-03-06 16:52:07.922985,2022-03-06 16:53:10.176550,0 days 00:01:02.253565,512,0.4,0.00020233696770377837,1.0,0.995,0.0005388061655797187,0.7,10,512,0.38111380999836936,COMPLETE
86,86,1.3333333333333333,2022-03-06 16:53:12.004550,2022-03-06 16:53:42.166064,0 days 00:00:30.161514,512,0.4,0.00041185062007049794,0.95,0.995,0.0005351728242206369,0.7,10,512,0.3729728753504656,PRUNED
87,87,6.666666666666667,2022-03-06 16:53:42.166064,2022-03-06 16:54:12.297902,0 days 00:00:30.131838,512,0.4,0.00021622020307320695,1.0,0.995,0.0007076693763698517,0.7,10,512,0.22770364465449178,PRUNED
88,88,6.666666666666667,2022-03-06 16:54:12.297902,2022-03-06 16:54:37.322865,0 days 00:00:25.024963,512,0.1,0.0001751750361637217,0.8,0.995,0.0005483026811255651,0.7,1,512,0.4244370832109386,PRUNED
89,89,18.0,2022-03-06 16:54:37.322865,2022-03-06 16:55:40.413620,0 days 00:01:03.090755,512,0.4,0.0002833903130762249,0.99,0.995,0.000917157803315271,0.3,10,256,0.39701055996243584,COMPLETE
90,90,6.333333333333333,2022-03-06 16:55:40.413620,2022-03-06 16:56:12.416226,0 days 00:00:32.002606,512,0.4,0.00029904786102307016,0.99,0.95,0.0009177746115839102,0.3,10,256,0.3001343099821171,PRUNED
91,91,6.666666666666667,2022-03-06 16:56:12.416226,2022-03-06 16:56:44.429918,0 days 00:00:32.013692,256,0.4,0.00025557681027224213,0.99,0.99,0.0008021234901735112,0.3,10,256,0.3527723049579993,PRUNED
92,92,0.0,2022-03-06 16:56:44.429918,2022-03-06 16:57:16.585485,0 days 00:00:32.155567,512,0.4,0.000481875388485622,0.99,0.995,0.0006545787635689458,0.3,10,256,0.4001876235899961,PRUNED
93,93,10.333333333333334,2022-03-06 16:57:16.585485,2022-03-06 16:58:20.671009,0 days 00:01:04.085524,512,0.4,0.0002284574290791549,0.99,0.995,0.00040029063342724444,0.3,10,256,0.4487533947432475,COMPLETE
94,94,6.333333333333333,2022-03-06 16:58:20.671009,2022-03-06 16:58:50.199072,0 days 00:00:29.528063,512,0.4,0.00033947800306186277,1.0,0.995,8.721730098099581e-05,0.7,10,512,0.4806233624971283,PRUNED
95,95,15.333333333333334,2022-03-06 16:58:50.199072,2022-03-06 17:00:01.128611,0 days 00:01:10.929539,512,0.4,0.0071735822729564035,0.95,0.995,0.0009560582749224448,1.0,10,128,0.38068039873863824,COMPLETE
96,96,6.666666666666667,2022-03-06 17:00:03.093246,2022-03-06 17:00:38.517550,0 days 00:00:35.424304,512,0.4,0.008617236675523922,0.95,0.995,0.0009695200280633041,1.0,10,128,0.2655853666082807,PRUNED
97,97,8.666666666666666,2022-03-06 17:00:38.517550,2022-03-06 17:01:14.012141,0 days 00:00:35.494591,512,0.4,0.006847103149773229,0.95,0.995,0.0007783373822165074,1.0,10,128,0.3821857153772951,PRUNED
98,98,-17.333333333333332,2022-03-06 17:01:14.012141,2022-03-06 17:02:12.312086,0 days 00:00:58.299945,64,0.4,0.002373772398519317,0.95,0.9,0.000849434572528601,1.0,20,128,0.33347505454827014,PRUNED
99,99,5.666666666666667,2022-03-06 17:02:12.312086,2022-03-06 17:02:46.902138,0 days 00:00:34.590052,512,0.2,0.003586061868302383,0.95,0.995,0.000601215992214869,1.0,10,128,0.36203327930061735,PRUNED
100,100,3.6666666666666665,2022-03-06 17:02:46.902138,2022-03-06 17:03:38.437399,0 days 00:00:51.535261,32,0.4,0.0018462124227111314,0.92,0.995,0.0007280766614800307,2.0,10,1024,0.31463573392491406,PRUNED
101,101,20.0,2022-03-06 17:03:38.437399,2022-03-06 17:04:43.129475,0 days 00:01:04.692076,256,0.4,0.00039187325613320535,0.9,0.95,0.0008935662355533171,0.5,10,256,0.426246987017734,COMPLETE
102,102,22.666666666666668,2022-03-06 17:04:43.129475,2022-03-06 17:05:48.123467,0 days 00:01:04.993992,256,0.4,0.0002552385435195631,0.9,0.95,0.0005042879155411325,0.5,10,256,0.40075840272311725,COMPLETE
103,103,-1.3333333333333333,2022-03-06 17:05:48.123467,2022-03-06 17:06:19.293582,0 days 00:00:31.170115,256,0.4,0.0003738172397008639,0.9,0.95,0.0008954164203570572,0.5,10,256,0.4060971626115087,PRUNED
104,104,7.666666666666667,2022-03-06 17:06:19.293582,2022-03-06 17:06:50.467560,0 days 00:00:31.173978,256,0.4,0.00028268543453807015,0.9,0.95,0.00048652044773589594,0.5,10,256,0.4360159691822874,PRUNED
105,105,14.666666666666666,2022-03-06 17:06:50.467560,2022-03-06 17:07:56.418613,0 days 00:01:05.951053,256,0.4,0.00024601821127948786,0.9,0.95,0.0003495574240621493,0.5,10,256,0.38333739599254624,COMPLETE
106,106,8.666666666666666,2022-03-06 17:07:58.603356,2022-03-06 17:08:30.818153,0 days 00:00:32.214797,256,0.4,0.00019672466560108028,0.9,0.95,0.0003533038538745864,0.5,10,256,0.3807852145416003,PRUNED
107,107,11.0,2022-03-06 17:08:30.818153,2022-03-06 17:09:35.904064,0 days 00:01:05.085911,256,0.4,0.0009170989646098498,0.9,0.95,0.00022561342905578067,0.5,10,256,0.28704368402215813,COMPLETE
108,108,3.6666666666666665,2022-03-06 17:09:35.904064,2022-03-06 17:10:06.982531,0 days 00:00:31.078467,256,0.4,0.00040233742023600773,0.9,0.95,0.0002738732272118449,0.5,5,256,0.34373465511198176,PRUNED
109,109,7.333333333333333,2022-03-06 17:10:06.982531,2022-03-06 17:10:43.200859,0 days 00:00:36.218328,256,0.3,0.00024502854763122135,0.9,0.95,0.00017411671274846483,0.5,10,256,0.4130260282590496,PRUNED
110,110,10.0,2022-03-06 17:10:43.200859,2022-03-06 17:11:15.826120,0 days 00:00:32.625261,256,0.1,0.00028766187360573797,0.9,0.95,1.4617834391464668e-05,0.5,10,256,0.3104427849177145,PRUNED
111,111,4.0,2022-03-06 17:11:15.826120,2022-03-06 17:11:42.415765,0 days 00:00:26.589645,64,0.4,0.00015513194534883838,0.9,0.95,0.00032842133818114473,0.5,1,256,0.3587198688048989,PRUNED
112,112,11.0,2022-03-06 17:11:42.415765,2022-03-06 17:12:50.132676,0 days 00:01:07.716911,256,0.4,0.0003288266802778567,0.9,0.95,0.000650577885797991,0.5,10,256,0.3897903674694502,COMPLETE
113,113,3.3333333333333335,2022-03-06 17:12:50.134629,2022-03-06 17:13:23.790415,0 days 00:00:33.655786,256,0.4,0.0002670345484844172,0.9,0.95,0.0003066139997585145,5.0,10,256,0.0025501637974374436,PRUNED
114,114,8.333333333333334,2022-03-06 17:13:23.790415,2022-03-06 17:13:57.098280,0 days 00:00:33.307865,512,0.4,0.0002059029071379689,0.9,0.95,0.0009667315039744119,0.5,10,256,0.5155996266171026,PRUNED
115,115,5.666666666666667,2022-03-06 17:13:57.098280,2022-03-06 17:14:30.053058,0 days 00:00:32.954778,256,0.4,0.0002578285072634098,0.98,0.9,0.000556418293521055,0.3,10,2048,0.45863703680707935,PRUNED
116,116,-4.333333333333333,2022-03-06 17:14:32.269812,2022-03-06 17:15:04.094619,0 days 00:00:31.824807,256,0.4,0.00017762360683006825,0.8,0.9999,0.00046278043582167837,0.9,10,1024,0.4299953106270293,PRUNED
117,117,9.333333333333334,2022-03-06 17:15:04.094619,2022-03-06 17:15:44.136819,0 days 00:00:40.042200,256,0.4,0.00022511976416742852,0.99,0.999,0.0004196014829566799,0.5,10,64,0.3288074663438883,PRUNED
118,118,-1.6666666666666667,2022-03-06 17:15:44.136819,2022-03-06 17:16:20.318114,0 days 00:00:36.181295,128,0.4,0.0005561282264760293,0.9,0.995,0.0007980801821151123,5.0,10,128,0.9811617827084168,PRUNED
119,119,1.0,2022-03-06 17:16:20.318114,2022-03-06 17:17:23.440138,0 days 00:01:03.122024,64,0.2,0.0003302515987416407,1.0,0.99,0.000517006005700446,1.0,20,256,0.25391379207921905,PRUNED
120,120,-1.3333333333333333,2022-03-06 17:17:23.440138,2022-03-06 17:17:53.842894,0 days 00:00:30.402756,512,0.4,0.0014382926626545927,0.95,0.995,0.0007150803306985462,0.5,10,512,0.3799385271869492,PRUNED
121,121,4.333333333333333,2022-03-06 17:17:53.842894,2022-03-06 17:18:24.776859,0 days 00:00:30.933965,256,0.4,0.0006565974631878847,1.0,0.95,0.0003670968800347913,2.0,10,1024,0.4072083589913087,PRUNED
122,122,4.666666666666667,2022-03-06 17:18:24.776859,2022-03-06 17:19:52.757367,0 days 00:01:27.980508,64,0.4,0.0003051097443354445,0.8,0.999,0.0006012378386330109,0.7,10,256,0.4688569519859198,COMPLETE
123,123,6.333333333333333,2022-03-06 17:19:52.757367,2022-03-06 17:20:38.208855,0 days 00:00:45.451488,512,0.4,0.00042605667774281707,0.95,0.995,0.0008282732633014152,0.7,10,64,0.49391046380179543,PRUNED
124,124,12.666666666666666,2022-03-06 17:20:38.208855,2022-03-06 17:21:47.944607,0 days 00:01:09.735752,512,0.4,0.0003651342034332261,0.95,0.995,0.0009983265745942824,0.7,10,512,0.43326489500196375,COMPLETE
125,125,4.0,2022-03-06 17:21:47.944607,2022-03-06 17:22:23.174567,0 days 00:00:35.229960,512,0.4,0.00037376676258784567,0.95,0.995,0.000905955530369967,0.7,10,512,0.43387869937430584,PRUNED
126,126,0.3333333333333333,2022-03-06 17:22:25.784761,2022-03-06 17:22:59.542300,0 days 00:00:33.757539,512,0.4,0.000492101693050077,0.95,0.995,0.0009591027424144584,0.7,10,512,0.36784723453716095,PRUNED
127,127,6.666666666666667,2022-03-06 17:22:59.543301,2022-03-06 17:23:32.869985,0 days 00:00:33.326684,512,0.4,0.000395338111074416,0.95,0.995,0.000713686256248847,0.7,10,512,0.4505404575641993,PRUNED
128,128,-1.6666666666666667,2022-03-06 17:23:32.869985,2022-03-06 17:24:17.571059,0 days 00:00:44.701074,256,0.4,0.00024856231846442125,0.92,0.9,4.302676742711945e-05,0.3,10,64,0.3986924154139504,PRUNED
129,129,7.333333333333333,2022-03-06 17:24:17.571059,2022-03-06 17:24:51.584187,0 days 00:00:34.013128,64,0.4,0.00028336934059971564,0.99,0.95,0.000661044483995339,5.0,5,1024,0.42237227343083894,PRUNED
130,130,-2.6666666666666665,2022-03-06 17:24:51.584187,2022-03-06 17:26:10.685734,0 days 00:01:19.101547,256,0.4,0.00019759633847166972,1.0,0.999,0.0004952882177298426,0.7,10,128,0.32835435291478215,COMPLETE
131,131,-1.0,2022-03-06 17:26:10.701361,2022-03-06 17:27:05.693282,0 days 00:00:54.991921,32,0.1,0.00022932727353820495,0.95,0.95,0.0005598186569748485,0.9,10,2048,0.3475699764132272,PRUNED
132,132,6.0,2022-03-06 17:27:05.693282,2022-03-06 17:27:39.555427,0 days 00:00:33.862145,512,0.3,0.00034697078148662535,0.9,0.995,0.0008584968664505228,1.0,10,512,0.2755397663329807,PRUNED
133,133,1.0,2022-03-06 17:27:39.555427,2022-03-06 17:28:16.991571,0 days 00:00:37.436144,512,0.4,0.0004496526848425809,0.95,0.995,0.0007967566669282502,0.7,10,512,0.48922561189011493,PRUNED
134,134,4.666666666666667,2022-03-06 17:28:16.991571,2022-03-06 17:28:49.523425,0 days 00:00:32.531854,512,0.4,0.00031709881104692366,0.95,0.995,0.0009970308678629515,0.7,10,512,0.5212665915382424,PRUNED
135,135,9.666666666666666,2022-03-06 17:28:49.523425,2022-03-06 17:29:21.401515,0 days 00:00:31.878090,512,0.4,0.0002795223076511045,0.95,0.995,0.0009021821442011768,0.7,10,512,0.4635440911076256,PRUNED
136,136,21.0,2022-03-06 17:29:24.062239,2022-03-06 17:30:36.069291,0 days 00:01:12.007052,512,0.4,0.00023908597178391277,0.95,0.995,0.00045236877778335414,0.7,10,256,0.3956688071732797,COMPLETE
137,137,10.0,2022-03-06 17:30:36.084917,2022-03-06 17:31:07.955710,0 days 00:00:31.870793,64,0.4,0.00016530064712229141,0.95,0.9999,0.00044978726594870966,0.7,1,256,0.3927941488147129,PRUNED
138,138,7.0,2022-03-06 17:31:07.971339,2022-03-06 17:31:45.964385,0 days 00:00:37.993046,512,0.4,0.00021713139909730034,0.98,0.995,0.0004066692675547712,0.7,10,256,0.36748852285795464,PRUNED
139,139,7.0,2022-03-06 17:31:45.964385,2022-03-06 17:32:26.218101,0 days 00:00:40.253716,128,0.4,0.00025241348296899466,1.0,0.999,0.0003604308805940712,0.5,10,256,0.42704720132315704,PRUNED
140,140,-2.3333333333333335,2022-03-06 17:32:26.218101,2022-03-06 17:32:59.970177,0 days 00:00:33.752076,512,0.4,0.00029998111347058135,0.8,0.9,0.00014453775193253225,0.7,10,256,0.41035851092483716,PRUNED
141,141,1.3333333333333333,2022-03-06 17:32:59.970177,2022-03-06 17:33:43.297033,0 days 00:00:43.326856,64,0.4,0.00023344696319923172,0.95,0.95,0.0005039285682192815,0.3,10,64,0.30303078880432077,PRUNED
142,142,-2.6666666666666665,2022-03-06 17:33:43.297033,2022-03-06 17:34:16.817419,0 days 00:00:33.520386,256,0.4,0.00020370683147274016,0.95,0.99,0.0004021444185914606,0.7,10,1024,0.44628071134970526,PRUNED
143,143,6.333333333333333,2022-03-06 17:34:16.817419,2022-03-06 17:34:50.054106,0 days 00:00:33.236687,512,0.4,0.0002778663676876968,0.95,0.995,0.0007575871006388062,0.7,10,512,0.348393523491914,PRUNED
144,144,9.666666666666666,2022-03-06 17:34:50.054106,2022-03-06 17:35:23.967082,0 days 00:00:33.912976,512,0.4,0.00034116382164604565,0.95,0.995,0.00021592440885220406,0.7,10,256,0.3884779413070945,PRUNED
145,145,3.3333333333333335,2022-03-06 17:35:23.968082,2022-03-06 17:35:56.489200,0 days 00:00:32.521118,512,0.4,0.00037022346498714003,0.95,0.995,0.0006023834244002376,0.7,10,512,0.3708311361926451,PRUNED
146,146,9.0,2022-03-06 17:35:59.317063,2022-03-06 17:37:16.335261,0 days 00:01:17.018198,512,0.4,0.00026034952034327487,0.99,0.995,0.000685628050011663,0.7,10,128,0.483524188974618,COMPLETE
147,147,9.0,2022-03-06 17:37:16.335261,2022-03-06 17:37:50.778220,0 days 00:00:34.442959,512,0.4,0.00018550863397678196,0.95,0.995,0.0008652700629693614,0.5,10,256,0.41955192390785806,PRUNED
148,148,3.6666666666666665,2022-03-06 17:37:50.778220,2022-03-06 17:38:27.354053,0 days 00:00:36.575833,512,0.4,0.0001103212100298415,0.9,0.995,0.0001900426166729532,5.0,20,1024,0.43958478732717315,PRUNED
149,149,6.666666666666667,2022-03-06 17:38:27.354053,2022-03-06 17:39:12.102728,0 days 00:00:44.748675,256,0.2,0.00030415410823242606,1.0,0.95,0.0004607436945725492,0.7,10,64,0.3968533945543875,PRUNED
150,150,-2.0,2022-03-06 17:39:12.102728,2022-03-06 17:39:55.943288,0 days 00:00:43.840560,64,0.4,0.00024203369766146143,0.95,0.999,0.0003138094222110293,0.7,10,512,0.3235053395953691,PRUNED
151,151,8.666666666666666,2022-03-06 17:39:55.943288,2022-03-06 17:40:31.254762,0 days 00:00:35.311474,512,0.4,0.006356779681101949,0.9,0.995,2.981638622193004e-05,1.0,10,256,0.5659066479468318,PRUNED
152,152,5.666666666666667,2022-03-06 17:40:31.254762,2022-03-06 17:41:05.679595,0 days 00:00:34.424833,256,0.4,0.0002162054740389012,1.0,0.95,0.0005554954951389567,0.5,10,512,0.5331015455922233,PRUNED
153,153,11.333333333333334,2022-03-06 17:41:05.679595,2022-03-06 17:41:39.757440,0 days 00:00:34.077845,256,0.4,0.0003552826047491247,0.9,0.95,0.0006459370514702881,0.5,10,256,0.38719267206459224,PRUNED
154,154,3.0,2022-03-06 17:41:39.757440,2022-03-06 17:42:12.680942,0 days 00:00:32.923502,256,0.4,0.0003322052653386322,0.9,0.95,0.0007766736521070643,0.5,10,256,0.4629191171129564,PRUNED
155,155,-2.3333333333333335,2022-03-06 17:42:12.681941,2022-03-06 17:42:50.761723,0 days 00:00:38.079782,256,0.4,0.002837547363007748,0.9,0.95,0.0002375036843866634,0.5,10,256,0.2785204838025268,PRUNED
156,156,5.666666666666667,2022-03-06 17:42:58.666355,2022-03-06 17:43:43.765067,0 days 00:00:45.098712,512,0.4,0.00016985987820536023,1.0,0.995,0.0002691074086521989,0.7,10,512,0.47092317639116754,PRUNED
157,157,9.666666666666666,2022-03-06 17:43:43.766068,2022-03-06 17:44:33.661568,0 days 00:00:49.895500,256,0.4,0.00042378025610722555,0.9,0.95,0.0006323622649286713,0.5,10,256,0.35982057275719675,PRUNED
158,158,-1.6666666666666667,2022-03-06 17:44:33.661568,2022-03-06 17:45:29.750770,0 days 00:00:56.089202,32,0.4,0.0010269111968501338,0.95,0.9,0.0002159310308903035,2.0,5,256,0.235896102572437,PRUNED
159,159,2.0,2022-03-06 17:45:29.750770,2022-03-06 17:46:07.871872,0 days 00:00:38.121102,512,0.3,0.0001917762905793879,1.0,0.995,0.0004185938683511965,0.7,10,512,0.4380062334849862,PRUNED
160,160,6.666666666666667,2022-03-06 17:46:07.871872,2022-03-06 17:46:44.790128,0 days 00:00:36.918256,256,0.4,0.0008008590222210738,0.9,0.95,0.0003392231714001884,0.5,10,1024,0.33302507537055126,PRUNED
161,161,-2.6666666666666665,2022-03-06 17:46:44.790128,2022-03-06 17:48:09.424817,0 days 00:01:24.634689,64,0.1,0.0002668306296238988,0.8,0.999,0.000983086749674803,5.0,10,64,0.41350974630972753,COMPLETE
162,162,5.666666666666667,2022-03-06 17:48:09.424817,2022-03-06 17:48:35.478689,0 days 00:00:26.053872,256,0.4,0.0002992500776026016,0.99,0.95,0.0005240584864849812,0.3,1,128,0.3838546129856182,PRUNED
163,163,3.0,2022-03-06 17:48:35.478689,2022-03-06 17:49:07.094089,0 days 00:00:31.615400,512,0.4,0.0003202141517352969,1.0,0.995,0.000714356889486371,0.7,10,512,0.507986722327769,PRUNED
164,164,10.333333333333334,2022-03-06 17:49:07.094089,2022-03-06 17:49:37.168975,0 days 00:00:30.074886,512,0.4,0.0002325263034217852,1.0,0.995,0.0004443545137039261,0.7,10,512,0.4527869190926177,PRUNED
165,165,1.3333333333333333,2022-03-06 17:49:37.168975,2022-03-06 17:50:07.052668,0 days 00:00:29.883693,256,0.4,0.001291399419763291,0.9,0.95,0.0008506075327740488,0.5,10,256,0.2925553843877028,PRUNED
166,166,-1.0,2022-03-06 17:50:09.544110,2022-03-06 17:50:39.103005,0 days 00:00:29.558895,256,0.4,0.0003781062656570345,0.9,0.95,0.0009085636840568904,0.5,10,256,0.30641357274592573,PRUNED
167,167,1.0,2022-03-06 17:50:39.103005,2022-03-06 17:51:10.802705,0 days 00:00:31.699700,512,0.4,0.00013642762764093375,0.95,0.995,0.0004806877211927783,0.7,10,512,0.40604390714043986,PRUNED
168,168,10.333333333333334,2022-03-06 17:51:10.802705,2022-03-06 17:51:37.548842,0 days 00:00:26.746137,512,0.4,0.0002684673017751724,1.0,0.995,0.0005700497566058885,0.7,10,512,0.35101897663010234,PRUNED
169,169,16.333333333333332,2022-03-06 17:51:37.548842,2022-03-06 17:52:32.167196,0 days 00:00:54.618354,256,0.4,0.0009179804442788994,0.9,0.95,0.0007720345514340662,0.5,10,256,0.2622174150466954,COMPLETE
170,170,-3.3333333333333335,2022-03-06 17:52:32.167196,2022-03-06 17:52:57.439052,0 days 00:00:25.271856,512,0.4,0.00021689391707916197,0.92,0.9999,0.0007758664624796665,1.0,10,2048,0.21256138284339765,PRUNED
171,171,13.666666666666666,2022-03-06 17:52:57.440052,2022-03-06 17:53:53.008951,0 days 00:00:55.568899,256,0.4,0.0006313292930345145,0.9,0.95,0.0006452311400156966,0.5,10,256,0.37615474672794885,COMPLETE
172,172,10.333333333333334,2022-03-06 17:53:53.009950,2022-03-06 17:54:20.362147,0 days 00:00:27.352197,256,0.4,0.0006476302837372778,0.9,0.95,0.0007175633148325514,0.5,10,256,0.3399610298321959,PRUNED
173,173,9.666666666666666,2022-03-06 17:54:20.377771,2022-03-06 17:54:55.585193,0 days 00:00:35.207422,64,0.4,0.0010887093570341182,0.95,0.995,0.000828390796766389,0.9,10,256,0.25856804198765065,PRUNED
174,174,11.333333333333334,2022-03-06 17:54:55.585193,2022-03-06 17:55:23.943327,0 days 00:00:28.358134,256,0.4,0.0004892447727743406,0.9,0.95,0.0006237807377998972,0.5,10,256,0.37181683900055196,PRUNED
175,175,4.0,2022-03-06 17:55:23.943327,2022-03-06 17:55:54.316253,0 days 00:00:30.372926,256,0.4,0.0009166189182591247,0.9,0.95,0.0009367380407429483,0.5,10,256,0.2771059758278428,PRUNED
176,176,2.3333333333333335,2022-03-06 17:55:57.113130,2022-03-06 17:56:39.254705,0 days 00:00:42.141575,128,0.4,0.0005905787439164317,0.98,0.995,0.0005172702754427035,0.7,10,64,0.43211520459232716,PRUNED
177,177,4.666666666666667,2022-03-06 17:56:39.254705,2022-03-06 17:57:09.180589,0 days 00:00:29.925884,512,0.4,0.0007541963561836245,0.95,0.999,0.0004646918272776582,0.7,10,1024,0.48192956352493904,PRUNED
178,178,8.333333333333334,2022-03-06 17:57:09.180589,2022-03-06 17:57:44.290113,0 days 00:00:35.109524,512,0.2,0.0002432565053780826,0.8,0.9,0.0003779859263112382,0.7,20,512,0.4129665131681878,PRUNED
179,179,2.3333333333333335,2022-03-06 17:57:44.290113,2022-03-06 17:58:14.913437,0 days 00:00:30.623324,256,0.4,0.0004513346926680887,0.9,0.95,6.614883996150166e-05,0.5,10,256,0.39243739616073614,PRUNED
180,180,1.6666666666666667,2022-03-06 17:58:14.914436,2022-03-06 17:58:46.728722,0 days 00:00:31.814286,256,0.4,0.0008834849737620735,0.9,0.95,0.0008375077234671502,0.5,10,256,0.31207753055718973,PRUNED
181,181,11.666666666666666,2022-03-06 17:58:46.728722,2022-03-06 17:59:55.073678,0 days 00:01:08.344956,256,0.4,0.0008555341016704651,0.9,0.95,0.0006700326612513511,0.5,10,256,0.22735763450662022,COMPLETE
182,182,25.333333333333332,2022-03-06 17:59:55.073678,2022-03-06 18:01:06.456736,0 days 00:01:11.383058,256,0.4,0.0011739984265964499,0.9,0.99,0.0006852047360436007,0.5,10,256,0.17742414330652,COMPLETE
183,183,6.0,2022-03-06 18:01:06.456736,2022-03-06 18:01:41.570526,0 days 00:00:35.113790,256,0.4,0.0011968395568642946,0.9,0.99,0.0007441683941729318,0.5,10,256,0.16804316848633188,PRUNED
184,184,10.333333333333334,2022-03-06 18:01:41.571526,2022-03-06 18:02:14.169110,0 days 00:00:32.597584,256,0.4,0.0008209802746268033,0.9,0.99,0.0009989319706105967,0.5,10,256,0.14422988937944314,PRUNED
185,185,-0.3333333333333333,2022-03-06 18:02:14.169110,2022-03-06 18:02:44.972788,0 days 00:00:30.803678,256,0.4,0.004335030260401916,0.9,0.99,0.0006744352812539119,0.5,10,256,0.17261821520457815,PRUNED
186,186,17.0,2022-03-06 18:02:47.675916,2022-03-06 18:03:57.915361,0 days 00:01:10.239445,256,0.4,0.0007210692410687527,0.9,0.99,0.0005963932265536967,0.5,10,256,0.19817151438898659,COMPLETE
187,187,7.666666666666667,2022-03-06 18:03:57.915361,2022-03-06 18:04:31.401890,0 days 00:00:33.486529,256,0.4,0.0009979847699859157,0.9,0.99,0.000575508543251268,0.5,10,256,0.23316385231855866,PRUNED
188,188,1.6666666666666667,2022-03-06 18:04:31.401890,2022-03-06 18:05:41.589680,0 days 00:01:10.187790,256,0.4,0.0006746193847028551,0.9,0.99,0.0006163391919339331,0.5,10,256,0.19579896574480068,COMPLETE
189,189,11.666666666666666,2022-03-06 18:05:41.589680,2022-03-06 18:06:13.916360,0 days 00:00:32.326680,256,0.4,0.0007045474507520823,0.9,0.99,0.0005247801858708219,0.5,10,256,0.1924802275155978,PRUNED
190,190,8.666666666666666,2022-03-06 18:06:13.916360,2022-03-06 18:06:55.295696,0 days 00:00:41.379336,64,0.4,0.0006153732169138065,0.9,0.99,0.000771720629111828,0.5,10,256,0.18311457463771746,PRUNED
191,191,5.0,2022-03-06 18:06:55.295696,2022-03-06 18:07:25.763043,0 days 00:00:30.467347,256,0.4,0.0008556414167545529,0.9,0.99,0.0006677001698039402,0.3,5,256,0.10572315757341999,PRUNED
192,192,,2022-03-06 18:07:25.763043,,,256,0.3,0.0005373628741594197,0.9,0.95,0.000567726767617432,0.5,10,256,0.26054484872393774,RUNNING
193,193,11.0,2022-03-06 18:22:00.812966,2022-03-06 18:22:37.317800,0 days 00:00:36.504834,256,0.3,0.000532534333682055,0.99,0.95,0.0005796066764719644,0.5,10,256,0.2209551944505564,PRUNED
194,194,-7.0,2022-03-06 18:22:37.317800,2022-03-06 18:24:01.875118,0 days 00:01:24.557318,256,0.4,0.0009338386742869766,0.95,0.95,0.0008671021608011408,5.0,10,128,0.15578197078241343,COMPLETE
195,195,2.6666666666666665,2022-03-06 18:24:01.875118,2022-03-06 18:24:38.813477,0 days 00:00:36.938359,256,0.4,0.0002807703320116744,0.95,0.999,0.0007005023499225567,0.5,10,256,0.256393551394857,PRUNED
196,196,5.666666666666667,2022-03-06 18:24:38.814365,2022-03-06 18:26:17.087850,0 days 00:01:38.273485,64,0.4,0.0007191668179465467,0.9,0.95,0.0007904633580652712,1.0,10,1024,0.11456686204716482,COMPLETE
197,197,4.0,2022-03-06 18:26:17.087850,2022-03-06 18:27:02.672229,0 days 00:00:45.584379,256,0.4,0.0002464397975812228,0.95,0.9,0.000867737302215841,0.5,10,64,0.13192175444660714,PRUNED
198,198,11.666666666666666,2022-03-06 18:27:02.672229,2022-03-06 18:29:08.159973,0 days 00:02:05.487744,32,0.4,0.0004039901598908744,0.9,0.99,0.0006226883467460835,2.0,10,256,0.24260693810308495,COMPLETE
199,199,10.0,2022-03-06 18:29:08.159973,2022-03-06 18:31:17.101572,0 days 00:02:08.941599,32,0.4,0.0003986557331104085,0.9,0.99,0.0007236772230846623,2.0,10,256,0.20882542359952266,COMPLETE
200,200,5.0,2022-03-06 18:31:17.103573,2022-03-06 18:32:21.087974,0 days 00:01:03.984401,32,0.1,0.00035573007703285656,0.9,0.99,0.0006691415112559234,2.0,10,256,0.2390829304863448,PRUNED
201,201,21.0,2022-03-06 18:32:21.087974,2022-03-06 18:34:27.688353,0 days 00:02:06.600379,32,0.4,0.0015170691515173965,0.9,0.99,0.0005234728984678323,2.0,10,256,0.2569510522764506,COMPLETE
202,202,2.3333333333333335,2022-03-06 18:34:27.703979,2022-03-06 18:34:59.735489,0 days 00:00:32.031510,32,0.4,0.0013961901632557245,0.9,0.99,0.0005490423128068503,2.0,1,256,0.24964336684083668,PRUNED
203,203,0.3333333333333333,2022-03-06 18:35:03.926938,2022-03-06 18:36:08.480999,0 days 00:01:04.554061,32,0.4,0.0011523921254027395,0.9,0.99,0.0005893695468199126,2.0,10,256,0.23064157179304207,PRUNED
204,204,25.333333333333332,2022-03-06 18:36:08.481999,2022-03-06 18:38:16.224800,0 days 00:02:07.742801,32,0.4,0.001696025485050365,0.9,0.99,0.0006284080414889787,2.0,10,256,0.27170512924123646,COMPLETE
205,205,6.0,2022-03-06 18:38:16.224800,2022-03-06 18:39:20.046579,0 days 00:01:03.821779,32,0.4,0.001531254439096593,0.9,0.99,0.00062178678251232,2.0,10,256,0.28706838503508575,PRUNED
206,206,20.0,2022-03-06 18:39:20.046579,2022-03-06 18:41:15.643933,0 days 00:01:55.597354,32,0.4,0.0018625764529679842,0.9,0.99,0.0005044043295222082,2.0,10,256,0.26453367421673657,COMPLETE
207,207,10.666666666666666,2022-03-06 18:41:15.643933,2022-03-06 18:42:08.906875,0 days 00:00:53.262942,32,0.4,0.0017810757794831775,0.9,0.99,0.00048690442087852135,2.0,10,256,0.2709681278189324,PRUNED
208,208,7.666666666666667,2022-03-06 18:42:08.906875,2022-03-06 18:43:02.181174,0 days 00:00:53.274299,32,0.4,0.001920873633270415,0.9,0.99,0.00048591813147942685,2.0,10,256,0.2632441716477316,PRUNED
209,209,0.6666666666666666,2022-03-06 18:43:02.181174,2022-03-06 18:43:56.160428,0 days 00:00:53.979254,32,0.4,0.0016320219163675732,0.9,0.99,0.0005406219432612228,2.0,10,256,0.2958867930467027,PRUNED
210,210,18.666666666666668,2022-03-06 18:43:56.160428,2022-03-06 18:45:46.888671,0 days 00:01:50.728243,32,0.4,0.0021374396645991193,0.9,0.99,0.0005291475745511741,2.0,10,256,0.25019811388107255,COMPLETE
211,211,4.0,2022-03-06 18:45:46.888671,2022-03-06 18:46:43.822700,0 days 00:00:56.934029,32,0.4,0.0016759907211608494,0.9,0.99,0.00045929738842443146,2.0,10,256,0.32017785826017797,PRUNED
212,212,20.333333333333332,2022-03-06 18:46:43.822700,2022-03-06 18:48:40.531579,0 days 00:01:56.708879,32,0.4,0.002096480087828224,0.9,0.99,0.00041849071798472445,2.0,10,256,0.3667968143771832,COMPLETE
213,213,11.666666666666666,2022-03-06 18:48:44.308333,2022-03-06 18:49:38.212961,0 days 00:00:53.904628,32,0.4,0.001977055914207992,0.9,0.99,0.0004142655487618838,2.0,10,256,0.364404668508177,PRUNED
214,214,-1.3333333333333333,2022-03-06 18:49:38.212961,2022-03-06 18:50:33.866300,0 days 00:00:55.653339,32,0.4,0.0030099766464331983,0.9,0.99,0.0005330983832575009,2.0,10,256,0.3720361690245201,PRUNED
215,215,14.666666666666666,2022-03-06 18:50:33.866300,2022-03-06 18:52:22.519373,0 days 00:01:48.653073,32,0.4,0.0020413216445529887,0.9,0.99,0.0004435373039263455,2.0,10,256,0.35211813553823007,COMPLETE
216,216,12.333333333333334,2022-03-06 18:52:22.519373,2022-03-06 18:53:18.597285,0 days 00:00:56.077912,32,0.4,0.0022161511625002754,0.9,0.99,0.0004478954455532906,2.0,10,256,0.3343375425861871,PRUNED
217,217,11.0,2022-03-06 18:53:18.597285,2022-03-06 18:54:14.763826,0 days 00:00:56.166541,32,0.4,0.0025572028666297052,0.9,0.99,0.0004184932452438593,2.0,10,256,0.2871989329034574,PRUNED
218,218,5.666666666666667,2022-03-06 18:54:14.763826,2022-03-06 18:56:08.362644,0 days 00:01:53.598818,32,0.4,0.002142052937956168,0.9,0.99,0.0004947124302493028,2.0,10,256,0.3590641500999358,COMPLETE
219,219,12.666666666666666,2022-03-06 18:56:08.362644,2022-03-06 18:57:01.824273,0 days 00:00:53.461629,32,0.4,0.0017772348710034492,0.9,0.99,0.0005159169142080942,2.0,10,256,0.3843297189007548,PRUNED
220,220,3.0,2022-03-06 18:57:01.839898,2022-03-06 18:58:25.557818,0 days 00:01:23.717920,32,0.4,0.0020414704088969303,0.9,0.99,0.0004052555856777165,2.0,20,256,0.34563650814192687,PRUNED
221,221,2.6666666666666665,2022-03-06 18:58:25.557818,2022-03-06 18:59:21.389021,0 days 00:00:55.831203,32,0.4,0.002335474778064906,0.8,0.99,0.00036051579442282716,2.0,10,256,0.30900576914670164,PRUNED
222,222,12.666666666666666,2022-03-06 18:59:21.404644,2022-03-06 19:00:18.218706,0 days 00:00:56.814062,32,0.4,0.0015439735773609756,0.92,0.99,0.00038614977340755666,2.0,10,256,0.40345026258477845,PRUNED
223,223,6.333333333333333,2022-03-06 19:00:22.198506,2022-03-06 19:01:20.450098,0 days 00:00:58.251592,32,0.4,0.0013054739719012994,0.9,0.99,0.0005524546806978344,2.0,10,64,0.37885551071542023,PRUNED
224,224,12.333333333333334,2022-03-06 19:01:20.450098,2022-03-06 19:02:16.887744,0 days 00:00:56.437646,32,0.4,0.0026151948832926868,0.9,0.99,0.0004666693030199312,2.0,10,256,0.26580857387183615,PRUNED
225,225,9.666666666666666,2022-03-06 19:02:16.887744,2022-03-06 19:03:13.618068,0 days 00:00:56.730324,32,0.2,0.002113559613288957,0.99,0.99,0.000584919902418845,0.3,10,256,0.41278214134333474,PRUNED
226,226,-3.3333333333333335,2022-03-06 19:03:13.618068,2022-03-06 19:03:56.878149,0 days 00:00:43.260081,64,0.4,0.0018521823985709323,0.9,0.999,0.0004982450624305007,2.0,10,128,0.3926466584098814,PRUNED
227,227,6.666666666666667,2022-03-06 19:03:56.893776,2022-03-06 19:04:55.333609,0 days 00:00:58.439833,32,0.4,0.0016800857335816752,0.9,0.9999,0.0009470020978268165,0.9,10,256,0.3573363333683893,PRUNED
228,228,1.3333333333333333,2022-03-06 19:04:55.333609,2022-03-06 19:05:32.826508,0 days 00:00:37.492899,128,0.4,0.00969238418752621,1.0,0.99,0.0004333993178580453,5.0,10,256,0.4275637201643435,PRUNED
229,229,8.666666666666666,2022-03-06 19:05:32.826508,2022-03-06 19:06:25.674510,0 days 00:00:52.848002,32,0.4,0.0014967089866074548,0.98,0.99,0.0005214881093647374,1.0,10,2048,0.33579776850189036,PRUNED
230,230,9.0,2022-03-06 19:06:25.674510,2022-03-06 19:07:08.809592,0 days 00:00:43.135082,64,0.4,0.008275729038622975,0.9,0.995,0.0005885450035419786,2.0,10,256,0.3995210854272566,PRUNED
231,231,8.333333333333334,2022-03-06 19:07:08.809592,2022-03-06 19:08:05.187354,0 days 00:00:56.377762,32,0.4,0.0012867198575883675,0.9,0.999,0.0007945012444703095,2.0,10,64,0.3163761990195429,PRUNED
232,232,13.333333333333334,2022-03-06 19:08:05.187354,2022-03-06 19:09:13.450187,0 days 00:01:08.262833,512,0.4,0.0010205356123890513,0.8,0.995,0.0004540509273560435,0.3,10,256,0.28227304009206844,COMPLETE
233,233,-6.0,2022-03-06 19:09:17.711462,2022-03-06 19:09:52.975778,0 days 00:00:35.264316,64,0.4,0.0009669875041207344,0.8,0.99,0.0001036331442554048,0.3,5,256,0.27794415124027727,PRUNED
234,234,4.333333333333333,2022-03-06 19:09:52.975778,2022-03-06 19:10:26.998688,0 days 00:00:34.022910,512,0.4,0.001113764421131657,0.8,0.995,0.0004446942544029802,0.3,10,256,0.24754843309257604,PRUNED
235,235,11.333333333333334,2022-03-06 19:10:26.998688,2022-03-06 19:11:00.330132,0 days 00:00:33.331444,512,0.4,0.0059665161972115065,0.8,0.995,0.00038470658463978023,0.3,10,256,0.26855558654998485,PRUNED
236,236,12.0,2022-03-06 19:11:00.330132,2022-03-06 19:12:07.679869,0 days 00:01:07.349737,512,0.4,0.0019544657763836495,0.8,0.995,0.0004945734757629697,0.3,10,256,0.2883109936794691,COMPLETE
237,237,3.3333333333333335,2022-03-06 19:12:07.680869,2022-03-06 19:12:40.118030,0 days 00:00:32.437161,512,0.4,0.001065688405736335,0.9,0.995,0.0005452208366342952,0.5,10,256,0.3746170409329458,PRUNED
238,238,10.666666666666666,2022-03-06 19:12:40.118030,2022-03-06 19:13:13.950868,0 days 00:00:33.832838,512,0.4,0.001698404213130237,1.0,0.995,0.0004332689273627729,0.3,10,256,0.3050175308769511,PRUNED
239,239,4.666666666666667,2022-03-06 19:13:13.950868,2022-03-06 19:13:52.442839,0 days 00:00:38.491971,512,0.4,0.001251826849005169,0.8,0.95,0.0009039883065590241,5.0,10,128,0.21013368276395883,PRUNED
240,240,2.0,2022-03-06 19:13:52.442839,2022-03-06 19:15:48.021932,0 days 00:01:55.579093,32,0.4,0.002428902221422579,0.9,0.995,0.0003397411414562039,0.5,10,256,0.3467345631362776,COMPLETE
241,241,12.0,2022-03-06 19:15:48.021932,2022-03-06 19:16:19.600578,0 days 00:00:31.578646,512,0.1,0.000268243411673565,0.9,0.99,0.000988446659526464,2.0,10,256,0.42456310614266696,PRUNED
242,242,4.666666666666667,2022-03-06 19:16:19.616207,2022-03-06 19:17:00.698521,0 days 00:00:41.082314,64,0.3,0.0002258689660934025,0.99,0.95,0.00047404441258934807,1.0,10,64,0.253656262117704,PRUNED
243,243,11.666666666666666,2022-03-06 19:17:05.096021,2022-03-06 19:18:08.088574,0 days 00:01:02.992553,512,0.4,0.0003020344795396257,0.9,0.995,0.0006364418455732482,0.7,10,256,0.39879381327332597,COMPLETE
244,244,13.666666666666666,2022-03-06 19:18:08.104202,2022-03-06 19:19:11.359539,0 days 00:01:03.255337,512,0.4,0.0019615689415146045,0.8,0.995,0.0005034076039070722,0.3,10,256,0.2886618611687952,COMPLETE
245,245,1.0,2022-03-06 19:19:11.359539,2022-03-06 19:19:42.441612,0 days 00:00:31.082073,512,0.4,0.002207467064714179,0.8,0.995,0.0005474407756023413,0.3,10,256,0.30662389086347314,PRUNED
246,246,12.666666666666666,2022-03-06 19:19:42.441612,2022-03-06 19:20:45.672630,0 days 00:01:03.231018,512,0.4,0.0018961488194281274,1.0,0.995,0.0004841731902580032,0.3,10,256,0.2845675074591514,COMPLETE
247,247,9.333333333333334,2022-03-06 19:20:45.672630,2022-03-06 19:21:16.866778,0 days 00:00:31.194148,512,0.4,0.0018007308813550822,0.9,0.995,0.00043796667470081673,0.3,10,256,0.2613452997438965,PRUNED
248,248,6.333333333333333,2022-03-06 19:21:16.866778,2022-03-06 19:21:41.997094,0 days 00:00:25.130316,512,0.4,0.0019938926584199728,1.0,0.995,0.0005020227369765372,0.3,1,256,0.28749937756905075,PRUNED
249,249,8.0,2022-03-06 19:21:41.997094,2022-03-06 19:22:35.554917,0 days 00:00:53.557823,32,0.4,0.0016196317544209552,1.0,0.999,0.00040108100811650597,0.3,10,256,0.3225278247136061,PRUNED
250,250,6.666666666666667,2022-03-06 19:22:35.554917,2022-03-06 19:23:06.466527,0 days 00:00:30.911610,512,0.4,0.003221399970448251,0.9,0.99,0.00057351545190332,0.5,10,256,0.37239992009550416,PRUNED
251,251,9.333333333333334,2022-03-06 19:23:06.466527,2022-03-06 19:23:37.611364,0 days 00:00:31.144837,256,0.4,0.0048899483024132115,0.8,0.95,0.0002949147795729729,0.7,10,256,0.4180997645597986,PRUNED
252,252,24.0,2022-03-06 19:23:37.611364,2022-03-06 19:25:27.268502,0 days 00:01:49.657138,32,0.4,0.0009922883161291658,0.8,0.995,0.0007120386801487741,0.5,10,256,0.38715058957312287,COMPLETE
253,253,1.6666666666666667,2022-03-06 19:25:31.731027,2022-03-06 19:26:27.132639,0 days 00:00:55.401612,32,0.4,0.0010027194521297976,0.8,0.99,0.0007225759348727267,0.5,10,256,0.35873925100432974,PRUNED
254,254,8.0,2022-03-06 19:26:27.132639,2022-03-06 19:28:22.101871,0 days 00:01:54.969232,32,0.4,0.0007783893283420154,0.8,0.995,0.0005777780722843806,0.5,10,256,0.3928097929255815,COMPLETE
255,255,7.0,2022-03-06 19:28:22.101871,2022-03-06 19:29:18.280343,0 days 00:00:56.178472,32,0.4,0.0011640215401488513,0.8,0.95,0.0006394405687878176,0.5,10,256,0.3339443887816381,PRUNED
256,256,5.666666666666667,2022-03-06 19:29:18.280343,2022-03-06 19:30:14.390683,0 days 00:00:56.110340,32,0.4,0.0013753115710061982,0.8,0.99,0.0007568984840960591,0.5,10,256,0.22421958851833654,PRUNED
257,257,6.666666666666667,2022-03-06 19:30:14.390683,2022-03-06 19:31:12.607707,0 days 00:00:58.217024,32,0.4,0.0010309011766342897,0.8,0.995,0.000524008516144106,2.0,10,256,0.37478183271078896,PRUNED
258,258,1.3333333333333333,2022-03-06 19:31:12.607707,2022-03-06 19:32:38.478173,0 days 00:01:25.870466,64,0.4,0.0021556482719307366,0.8,0.999,0.0006780081340597333,0.5,10,256,0.25303374541585943,COMPLETE
259,259,10.0,2022-03-06 19:32:38.478173,2022-03-06 19:33:38.013118,0 days 00:00:59.534945,256,0.2,0.0009148619064770552,0.92,0.95,0.00045829716743243904,0.5,20,64,0.3863869535252296,PRUNED
260,260,4.666666666666667,2022-03-06 19:33:38.013118,2022-03-06 19:35:31.293430,0 days 00:01:53.280312,32,0.4,0.00024014468101852122,0.9,0.99,0.0006175271022167611,2.0,10,128,0.18352778145438026,COMPLETE
261,261,1.3333333333333333,2022-03-06 19:35:31.295430,2022-03-06 19:36:06.126737,0 days 00:00:34.831307,128,0.4,0.0002169475384917605,0.9,0.9999,0.0005263387357219665,0.9,10,2048,0.3002537848658447,PRUNED
262,262,10.666666666666666,2022-03-06 19:36:06.126737,2022-03-06 19:36:36.486012,0 days 00:00:30.359275,256,0.4,0.0002606860981357466,0.99,0.995,0.0003878461584994104,0.5,10,256,0.34715388132265307,PRUNED
263,263,12.666666666666666,2022-03-06 19:36:41.340537,2022-03-06 19:37:33.924844,0 days 00:00:52.584307,32,0.4,0.0015323235775336363,0.9,0.99,0.0008438918966976886,2.0,10,256,0.275491208190484,PRUNED
264,264,9.0,2022-03-06 19:37:33.924844,2022-03-06 19:38:14.539214,0 days 00:00:40.614370,64,0.4,0.00020064763218106624,0.8,0.995,0.0007424023495803244,1.0,10,256,0.4030555224967793,PRUNED
265,265,5.333333333333333,2022-03-06 19:38:14.539214,2022-03-06 19:39:15.242572,0 days 00:01:00.703358,256,0.4,0.0008485132331579202,0.9,0.95,0.0001911806933647657,5.0,10,256,0.23947379594760082,COMPLETE
266,266,11.333333333333334,2022-03-06 19:39:15.242572,2022-03-06 19:41:00.283576,0 days 00:01:45.041004,32,0.4,0.001834975429026447,0.98,0.99,0.0006118146586365247,0.5,10,256,0.3647203723462008,COMPLETE
267,267,11.666666666666666,2022-03-06 19:41:00.283576,2022-03-06 19:41:31.824722,0 days 00:00:31.541146,256,0.4,0.0002828067907072427,0.9,0.995,8.349875550106665e-05,2.0,5,64,0.3190245785762548,PRUNED
268,268,10.333333333333334,2022-03-06 19:41:31.824722,2022-03-06 19:42:25.374538,0 days 00:00:53.549816,32,0.4,0.0024458435899448686,0.9,0.999,0.0001454081440191868,0.5,10,256,0.3855571748444213,PRUNED
269,269,-2.6666666666666665,2022-03-06 19:42:25.374538,2022-03-06 19:43:08.349009,0 days 00:00:42.974471,64,0.3,0.0011317068206748392,0.8,0.95,0.0004235740778595018,0.3,10,256,0.4168839521754111,PRUNED
270,270,20.333333333333332,2022-03-06 19:43:08.349009,2022-03-06 19:44:21.354727,0 days 00:01:13.005718,256,0.4,0.00025569895385211156,0.9,0.99,0.00047235130943831534,2.0,10,256,0.27251699708613797,COMPLETE
271,271,7.0,2022-03-06 19:44:21.354727,2022-03-06 19:44:57.865946,0 days 00:00:36.511219,256,0.4,0.0002532272903363413,0.9,0.99,0.0005743729177956012,2.0,10,256,0.8237082182717343,PRUNED
272,272,8.666666666666666,2022-03-06 19:44:57.865946,2022-03-06 19:45:28.718461,0 days 00:00:30.852515,256,0.1,0.00023667036699044638,0.9,0.99,0.000680817342139187,2.0,1,128,0.19984888204353526,PRUNED
273,273,13.333333333333334,2022-03-06 19:45:34.524289,2022-03-06 19:46:09.531110,0 days 00:00:35.006821,256,0.4,0.007732601466194217,0.9,0.99,0.0005076820932161452,2.0,10,1024,0.35036199114817734,PRUNED
274,274,14.0,2022-03-06 19:46:09.531110,2022-03-06 19:46:45.467982,0 days 00:00:35.936872,256,0.4,0.0002810189316624343,0.9,0.99,0.0007779576066113142,2.0,10,256,0.2596524898283973,PRUNED
275,275,8.333333333333334,2022-03-06 19:46:45.467982,2022-03-06 19:47:22.696116,0 days 00:00:37.228134,256,0.4,0.00010143777394632906,0.9,0.99,0.0004849998555688531,2.0,10,256,0.43942630978117964,PRUNED
276,276,1.3333333333333333,2022-03-06 19:47:22.697117,2022-03-06 19:48:59.610837,0 days 00:01:36.913720,256,0.4,0.0003194261672859385,0.9,0.95,0.0005527730386180437,0.5,10,64,0.40347045682018906,COMPLETE
277,277,5.666666666666667,2022-03-06 19:48:59.610837,2022-03-06 19:50:02.074855,0 days 00:01:02.464018,32,0.4,0.00022911395212916826,1.0,0.99,0.0002511307047943664,0.7,10,256,0.37341222151990927,PRUNED
278,278,4.0,2022-03-06 19:50:02.074855,2022-03-06 19:50:37.486329,0 days 00:00:35.411474,256,0.4,0.00020230980391110266,0.9,0.99,1.2739008457627839e-05,2.0,10,256,0.24132334647711978,PRUNED
279,279,14.0,2022-03-06 19:50:37.486329,2022-03-06 19:51:23.784143,0 days 00:00:46.297814,64,0.4,0.0002538764130920884,0.99,0.95,0.000830513412023815,5.0,10,256,0.21461317623132048,PRUNED
280,280,7.666666666666667,2022-03-06 19:51:23.784143,2022-03-06 19:52:24.273210,0 days 00:01:00.489067,32,0.4,0.002084512519979169,0.9,0.99,0.0003545597290759042,0.5,10,512,0.33787866727746807,PRUNED
281,281,13.0,2022-03-06 19:52:24.273210,2022-03-06 19:53:00.632052,0 days 00:00:36.358842,256,0.4,0.0016701830083454877,0.9,0.999,0.0006405443787294382,0.7,10,256,0.30025405223249985,PRUNED
282,282,-2.3333333333333335,2022-03-06 19:53:00.632052,2022-03-06 19:53:59.612488,0 days 00:00:58.980436,32,0.4,0.004009489902846515,1.0,0.95,0.0004528144270162565,2.0,10,256,0.37941747990235436,PRUNED
283,283,2.3333333333333335,2022-03-06 19:54:05.788186,2022-03-06 19:54:41.560694,0 days 00:00:35.772508,256,0.4,0.0022513017640509838,0.9,0.99,0.0007045271624876602,1.0,10,256,0.35443448508324593,PRUNED
284,284,,2022-03-06 19:54:41.560694,,,32,0.2,0.0014346259008731674,0.95,0.99,0.0005260005720928629,0.5,20,2048,0.3233493208650809,RUNNING
