,number,value,datetime_start,datetime_complete,duration,params_activation_fn,params_batch_size,params_clip_range,params_ent_coef,params_gae_lambda,params_gamma,params_learning_rate,params_max_grad_norm,params_n_epochs,params_n_steps,params_net_arch,params_vf_coef,state
0,0,808.0,2022-03-02 20:06:17.062896,2022-03-02 20:10:22.505050,0 days 00:04:05.442154,tanh,32,0.3,0.00011882149097098409,0.9,0.999,2.7145733107337123e-05,0.5,20,64,small,0.14663996995532158,COMPLETE
1,1,1203.6666666666667,2022-03-02 20:06:17.062896,2022-03-02 20:07:55.719336,0 days 00:01:38.656440,relu,32,0.3,0.0015743730316600817,0.98,0.999,0.00010653472187161594,5.0,1,128,medium,0.10932760477645964,COMPLETE
2,2,411.6666666666667,2022-03-02 20:06:17.062896,2022-03-02 20:08:30.050133,0 days 00:02:12.987237,relu,128,0.3,0.0035072987007160805,0.92,0.95,2.5972817909321625e-05,0.5,20,2048,small,0.8519352404617485,COMPLETE
3,3,408.3333333333333,2022-03-02 20:07:55.719336,2022-03-02 20:09:26.973462,0 days 00:01:31.254126,relu,512,0.1,0.0003881677308090695,0.8,0.99,0.000106077048612975,1.0,10,1024,small,0.7896035271030178,COMPLETE
4,4,802.3333333333334,2022-03-02 20:08:30.050133,2022-03-02 20:10:35.307957,0 days 00:02:05.257824,relu,128,0.4,0.005994448575845257,0.98,0.95,3.918573474875135e-05,0.5,10,128,medium,0.3699493523640972,COMPLETE
5,5,803.3333333333334,2022-03-02 20:09:26.973462,2022-03-02 20:10:49.656453,0 days 00:01:22.682991,tanh,128,0.1,0.009584848435923792,0.8,0.9,2.8481751199329544e-05,0.9,1,128,small,0.7882794082692136,COMPLETE
6,6,800.3333333333334,2022-03-02 20:10:22.505050,2022-03-02 20:11:22.280386,0 days 00:00:59.775336,tanh,256,0.2,0.004820771254684303,0.98,0.95,7.572449427990486e-05,2.0,20,2048,medium,0.38810701886377574,PRUNED
7,7,792.0,2022-03-02 20:10:35.307957,2022-03-02 20:12:09.286976,0 days 00:01:33.979019,tanh,32,0.2,0.0013987579123204074,0.98,0.999,0.0009808589897590961,5.0,1,512,medium,0.032187665436768154,COMPLETE
8,8,396.3333333333333,2022-03-02 20:10:49.656453,2022-03-02 20:12:04.514909,0 days 00:01:14.858456,relu,32,0.2,0.0011642704038166813,0.95,0.995,0.0006873293053552237,5.0,5,512,medium,0.011411129061923764,PRUNED
9,9,794.6666666666666,2022-03-02 20:11:22.280386,2022-03-02 20:12:05.296159,0 days 00:00:43.015773,relu,64,0.3,0.0011033277808885765,0.95,0.999,0.0005913088039941422,5.0,1,512,medium,0.008453730359015532,PRUNED
10,10,7.333333333333333,2022-03-02 20:12:04.514909,2022-03-02 20:12:51.482422,0 days 00:00:46.967513,relu,64,0.3,0.001069274204911698,0.99,0.999,0.0003802425545049549,5.0,1,256,medium,0.16702955001111222,PRUNED
11,11,1205.3333333333333,2022-03-02 20:12:05.296159,2022-03-02 20:13:44.622537,0 days 00:01:39.326378,relu,32,0.4,0.00032413184006199947,1.0,0.9999,0.00025133781990260986,0.7,1,256,medium,0.5609501556493657,COMPLETE
12,12,1207.6666666666667,2022-03-02 20:12:09.286976,2022-03-02 20:13:48.763162,0 days 00:01:39.476186,relu,256,0.4,0.00037755394964651717,0.99,0.9999,0.00022080291945422272,0.7,5,256,medium,0.5649898183170281,COMPLETE
13,13,801.6666666666666,2022-03-02 20:12:51.482422,2022-03-02 20:14:54.105065,0 days 00:02:02.622643,tanh,32,0.3,0.00012351598975554154,0.9,0.9999,1.0739447544329258e-05,0.7,20,64,small,0.23304072575878199,PRUNED
14,14,-4.0,2022-03-02 20:13:44.622537,2022-03-02 20:14:33.184869,0 days 00:00:48.562332,relu,32,0.4,0.0003438492883834569,1.0,0.9999,0.00020561723220217319,0.7,1,256,medium,0.6037769362616456,PRUNED
15,15,388.3333333333333,2022-03-02 20:13:48.778792,2022-03-02 20:15:26.907009,0 days 00:01:38.128217,relu,256,0.4,0.0003417325008503837,1.0,0.9999,0.0002623950996582588,0.7,5,256,medium,0.6320959105094036,COMPLETE
16,16,399.0,2022-03-02 20:14:33.200494,2022-03-02 20:15:21.665929,0 days 00:00:48.465435,relu,256,0.4,0.00032936306389305106,1.0,0.9999,0.00024555985554099776,0.7,5,256,medium,0.5896297093404209,PRUNED
17,17,404.0,2022-03-02 20:14:54.105065,2022-03-02 20:15:43.148072,0 days 00:00:49.043007,relu,256,0.4,0.0003970836006474628,1.0,0.9999,0.0002504302094601437,0.3,5,256,medium,0.6059416539758593,PRUNED
18,18,410.0,2022-03-02 20:15:21.665929,2022-03-02 20:15:59.597464,0 days 00:00:37.931535,relu,256,0.4,0.0006117085667923051,0.99,0.9999,0.00019858541707948996,0.3,5,256,medium,0.6736756762540224,PRUNED
19,19,402.6666666666667,2022-03-02 20:15:26.907009,2022-03-02 20:16:01.738091,0 days 00:00:34.831082,relu,512,0.4,0.0005736250195501902,0.99,0.9999,0.0001873576747046935,0.3,5,256,medium,0.9736008092791506,PRUNED
20,20,804.6666666666666,2022-03-02 20:43:36.777933,2022-03-02 20:44:28.863066,0 days 00:00:52.085133,relu,512,0.4,0.00014335299052948094,0.92,0.99,6.413417619181975e-05,0.7,10,1024,medium,0.46613480853633243,PRUNED
21,21,797.3333333333334,2022-03-02 20:43:36.777933,2022-03-02 20:44:28.784941,0 days 00:00:52.007008,relu,512,0.4,0.00014225868222853254,0.92,0.99,0.0003966982266633887,0.7,10,1024,medium,0.4443694235867647,PRUNED
22,22,1208.0,2022-03-02 20:43:36.777933,2022-03-02 20:45:23.597554,0 days 00:01:46.819621,relu,512,0.4,0.0002001799469492193,0.92,0.9,0.0004348043314534702,0.7,10,1024,medium,0.442375745510963,COMPLETE
23,23,400.6666666666667,2022-03-02 20:44:28.784941,2022-03-02 20:45:18.200226,0 days 00:00:49.415285,relu,32,0.1,0.002125057360097938,0.98,0.9,9.642266861656442e-05,1.0,1,128,medium,0.48390628220602677,PRUNED
24,24,-4.333333333333333,2022-03-02 20:44:28.863066,2022-03-02 20:46:07.442000,0 days 00:01:38.578934,relu,32,0.1,0.0017304598263233385,0.99,0.995,0.0001240778452228951,1.0,1,128,medium,0.30837984871290236,COMPLETE
25,25,804.3333333333334,2022-03-02 20:45:18.200226,2022-03-02 20:46:06.877961,0 days 00:00:48.677735,relu,32,0.3,0.00021030996230375843,0.99,0.995,0.00015440387766428273,2.0,1,128,medium,0.29202004817245736,PRUNED
26,26,1205.0,2022-03-02 20:45:23.597554,2022-03-02 20:47:05.100769,0 days 00:01:41.503215,relu,512,0.4,0.00021393248161528654,0.92,0.9,0.0004997236274449436,0.7,10,1024,medium,0.2934561090382043,COMPLETE
27,27,811.6666666666666,2022-03-02 20:46:06.878973,2022-03-02 20:47:49.156010,0 days 00:01:42.277037,relu,512,0.4,0.00019881977483492765,0.92,0.9,0.00041929224463360426,0.7,10,1024,medium,0.5359416797501669,COMPLETE
28,28,1.3333333333333333,2022-03-02 20:46:07.442000,2022-03-02 20:46:55.724604,0 days 00:00:48.282604,tanh,512,0.4,0.00020922792942508812,0.92,0.9,0.0003915016680624197,0.7,10,1024,medium,0.5442010130283346,PRUNED
29,29,2.6666666666666665,2022-03-02 20:46:55.724604,2022-03-02 20:49:05.834625,0 days 00:02:10.110021,relu,64,0.4,0.0006246305428002669,0.92,0.9,0.0005766103021849891,0.9,10,1024,small,0.6780355810496101,COMPLETE
30,30,805.0,2022-03-02 20:47:05.100769,2022-03-02 20:47:57.482374,0 days 00:00:52.381605,relu,64,0.4,0.0006673260774252896,1.0,0.9,0.0008763887830146267,0.9,5,256,small,0.707967780922709,PRUNED
31,31,805.3333333333334,2022-03-02 20:47:49.156010,2022-03-02 20:49:35.425444,0 days 00:01:46.269434,tanh,64,0.4,0.0006856328747854995,0.9,0.9999,0.0009908651961903292,0.9,5,64,small,0.7132057579235592,COMPLETE
32,32,807.6666666666666,2022-03-02 20:47:57.482374,2022-03-02 20:49:21.824463,0 days 00:01:24.342089,tanh,256,0.4,0.0007542367395137469,0.9,0.9999,0.0003236343152383195,0.7,20,64,small,0.37813031456234236,PRUNED
33,33,799.6666666666666,2022-03-02 20:49:05.850198,2022-03-02 20:50:28.598172,0 days 00:01:22.747974,relu,512,0.4,0.00010254190117464052,0.9,0.9,0.0003149453924786022,0.7,10,64,medium,0.39086103865705074,PRUNED
34,34,1208.0,2022-03-02 20:49:21.824463,2022-03-02 20:51:09.098673,0 days 00:01:47.274210,relu,512,0.4,0.00010216872709890864,0.92,0.9,0.0005628296766536491,0.7,10,1024,medium,0.4162151010144586,COMPLETE
35,35,801.0,2022-03-02 20:49:35.425444,2022-03-02 20:51:23.136755,0 days 00:01:47.711311,relu,512,0.4,0.00010181182839000854,0.92,0.9,0.0005504891207428346,0.7,10,1024,medium,0.25767185069712917,COMPLETE
36,36,404.6666666666667,2022-03-02 20:50:28.599245,2022-03-02 20:52:21.670123,0 days 00:01:53.070878,relu,512,0.4,0.000244420988625706,0.92,0.9,0.0005152895320542581,0.7,10,1024,medium,0.28634055771978034,COMPLETE
37,37,808.0,2022-03-02 20:51:09.098673,2022-03-02 20:52:01.087084,0 days 00:00:51.988411,relu,512,0.2,0.0002687023440795397,0.92,0.95,0.0007176127960304105,0.5,10,2048,medium,0.5100145030617166,PRUNED
38,38,397.0,2022-03-02 20:51:23.136755,2022-03-02 20:52:26.164507,0 days 00:01:03.027752,relu,128,0.2,0.00015853827744587577,0.8,0.95,0.000724631076828911,0.5,10,2048,medium,0.5333705975356746,PRUNED
39,39,399.3333333333333,2022-03-02 20:52:01.087084,2022-03-02 20:53:07.624037,0 days 00:01:06.536953,relu,128,0.1,0.00046289526947105816,0.95,0.99,0.00015344153170723047,2.0,10,1024,medium,0.43344615625210525,PRUNED
40,40,808.6666666666666,2022-03-02 20:52:21.670123,2022-03-02 20:53:42.863672,0 days 00:01:21.193549,relu,128,0.1,0.00047229745631675456,0.95,0.99,0.00013859258508078752,2.0,20,2048,medium,0.43290868248188685,PRUNED
41,41,804.3333333333334,2022-03-02 20:52:26.164507,2022-03-02 20:53:57.071276,0 days 00:01:30.906769,relu,128,0.1,0.00047865213750111627,0.95,0.99,0.00014036637819832422,2.0,20,256,medium,0.4364473226659935,PRUNED
42,42,402.6666666666667,2022-03-02 20:53:07.624037,2022-03-02 20:55:38.833053,0 days 00:02:31.209016,relu,256,0.4,0.00016371613743266014,0.8,0.9999,0.0003052567140447977,0.7,20,256,medium,0.7546717987836983,COMPLETE
43,43,401.0,2022-03-02 20:53:42.863672,2022-03-02 20:54:36.585055,0 days 00:00:53.721383,relu,512,0.4,0.00018052248116345778,0.92,0.9,0.00047146552565199254,0.7,10,1024,medium,0.18698909212025466,PRUNED
44,44,408.6666666666667,2022-03-02 20:53:57.071276,2022-03-02 20:55:53.219199,0 days 00:01:56.147923,relu,512,0.4,0.0001673486473229059,0.92,0.9,0.00047085643349044554,0.7,10,1024,medium,0.33394194853256637,COMPLETE
45,45,409.0,2022-03-02 20:54:36.585055,2022-03-02 20:56:35.548423,0 days 00:01:58.963368,relu,512,0.4,0.0002733601442609192,0.8,0.9,0.00029390149661091044,0.7,10,1024,medium,0.3481252596070228,COMPLETE
46,46,406.0,2022-03-02 20:55:38.833053,2022-03-02 20:56:37.720296,0 days 00:00:58.887243,relu,512,0.4,0.00024891357613315526,0.92,0.9,0.0007390987447749887,0.7,10,1024,medium,0.353797972112876,PRUNED
47,47,813.3333333333334,2022-03-02 20:55:53.219199,2022-03-02 20:56:44.442567,0 days 00:00:51.223368,tanh,512,0.4,0.00027951588491854473,0.99,0.999,0.0003247960257711147,0.7,1,512,medium,0.35574749617704327,PRUNED
48,48,804.6666666666666,2022-03-02 20:56:35.548423,2022-03-02 20:58:38.304168,0 days 00:02:02.755745,tanh,32,0.3,0.00011722917004653452,1.0,0.999,0.0007774060952281175,0.7,1,512,medium,0.10589076920985405,COMPLETE
49,49,406.3333333333333,2022-03-02 20:56:37.720296,2022-03-02 20:57:35.048673,0 days 00:00:57.328377,tanh,32,0.3,0.00012434361735798113,1.0,0.999,1.1808930799100581e-05,1.0,1,512,small,0.579656867210177,PRUNED
50,50,800.6666666666666,2022-03-02 20:56:44.442567,2022-03-02 20:58:39.851041,0 days 00:01:55.408474,relu,32,0.3,0.00012262022162637992,1.0,0.995,1.129241977302941e-05,5.0,1,512,small,0.09064278241167648,COMPLETE
51,51,410.0,2022-03-02 20:57:35.048673,2022-03-02 20:58:34.655371,0 days 00:00:59.606698,relu,256,0.2,0.0003381616258910383,0.98,0.995,0.0002422829702833875,0.7,5,256,medium,0.8706545610613088,PRUNED
52,52,398.6666666666667,2022-03-02 20:58:34.670994,2022-03-02 20:59:02.884998,0 days 00:00:28.214004,relu,32,0.4,0.00012215627765228793,1.0,0.9999,8.490951989209867e-05,5.0,1,1024,medium,0.09850148781368492,PRUNED
53,53,801.6666666666666,2022-03-02 21:00:08.195543,2022-03-02 21:01:09.256370,0 days 00:01:01.060827,relu,32,0.3,0.0025267029543029574,0.98,0.999,5.9584061265166264e-05,5.0,1,128,medium,0.19331082027138696,PRUNED
54,54,397.6666666666667,2022-03-02 21:00:08.211169,2022-03-02 21:01:08.568868,0 days 00:01:00.357699,relu,32,0.3,0.0028980413279575705,0.98,0.999,4.185325840756468e-05,5.0,1,128,medium,0.2117928158071929,PRUNED
55,55,806.3333333333334,2022-03-02 21:00:08.211169,2022-03-02 21:01:09.115744,0 days 00:01:00.904575,relu,32,0.3,0.0013287440184103177,0.98,0.999,6.933766817268494e-05,5.0,1,128,medium,0.20768723775266107,PRUNED
56,56,406.6666666666667,2022-03-02 21:01:08.568868,2022-03-02 21:02:10.739209,0 days 00:01:02.170341,relu,256,0.3,0.0009465238866780788,0.98,0.999,5.7206142957466564e-05,5.0,5,128,medium,0.6396896609209641,PRUNED
57,57,808.6666666666666,2022-03-02 21:01:09.115744,2022-03-02 21:02:11.223583,0 days 00:01:02.107839,relu,256,0.4,0.0009462096886045582,0.98,0.9999,0.00017831238269803534,0.3,5,128,medium,0.6410223913133999,PRUNED
58,58,399.0,2022-03-02 21:01:09.256370,2022-03-02 21:03:05.227591,0 days 00:01:55.971221,relu,256,0.4,0.004007184740317886,0.99,0.9999,0.00017289684043965338,0.3,5,256,medium,0.6297902512814435,COMPLETE
59,59,1202.6666666666667,2022-03-02 21:02:10.739209,2022-03-02 21:04:05.804228,0 days 00:01:55.065019,relu,512,0.4,0.006219332413213019,0.99,0.9999,0.0001837753065093872,0.3,5,256,medium,0.053961351962073245,COMPLETE
60,60,411.3333333333333,2022-03-02 21:02:11.223583,2022-03-02 21:03:15.526677,0 days 00:01:04.303094,relu,512,0.4,0.007422834205890843,0.99,0.95,0.00021774637184724757,0.7,10,256,medium,0.14540484391752087,PRUNED
61,61,804.3333333333334,2022-03-02 21:03:05.243215,2022-03-02 21:04:08.862080,0 days 00:01:03.618865,relu,512,0.4,0.0018739018061304622,0.92,0.9,0.00011272603514156196,0.5,10,256,medium,0.40330204255935087,PRUNED
62,62,799.3333333333334,2022-03-02 21:03:15.526677,2022-03-02 21:05:19.228757,0 days 00:02:03.702080,relu,512,0.2,0.0015677205576515448,0.92,0.9,0.00011715030689373223,0.5,10,1024,medium,0.4014756341029527,COMPLETE
63,63,400.6666666666667,2022-03-02 21:04:05.804228,2022-03-02 21:05:04.075476,0 days 00:00:58.271248,relu,512,0.4,0.006929219885655543,0.99,0.9999,9.612347839284194e-05,0.3,5,256,medium,0.4979140692475134,PRUNED
64,64,802.6666666666666,2022-03-02 21:04:08.862080,2022-03-02 21:05:06.809854,0 days 00:00:57.947774,relu,512,0.4,0.006191256566899595,0.99,0.9999,0.0006295855878937163,0.3,5,256,medium,0.07661370535947823,PRUNED
65,65,811.0,2022-03-02 21:05:04.075476,2022-03-02 21:06:01.708883,0 days 00:00:57.633407,relu,512,0.4,0.005204481198904898,0.99,0.9999,0.0003554870536420719,0.3,5,256,medium,0.0380976951888769,PRUNED
66,66,394.3333333333333,2022-03-02 21:05:06.809854,2022-03-02 21:06:01.521381,0 days 00:00:54.711527,relu,512,0.4,0.0004075491057746485,0.92,0.9999,0.00035276682371574537,1.0,5,1024,medium,0.057503619970775466,PRUNED
67,67,718.3333333333334,2022-03-02 21:05:19.228757,2022-03-02 21:07:49.071247,0 days 00:02:29.842490,relu,64,0.4,0.0004027922504608983,0.99,0.9999,0.00036528748624002806,1.0,5,256,medium,0.009349433556299191,COMPLETE
68,68,820.0,2022-03-02 21:06:01.521381,2022-03-02 21:08:22.246021,0 days 00:02:20.724640,relu,64,0.4,0.009805870993797762,0.99,0.9999,0.00023459725040803284,0.7,5,256,medium,0.008102294253905996,COMPLETE
69,69,804.6666666666666,2022-03-02 21:06:01.708883,2022-03-02 21:06:54.983715,0 days 00:00:53.274832,relu,64,0.4,0.008958298696672647,0.99,0.9,0.00022533386114019328,0.7,1,64,medium,0.15521559016481823,PRUNED
70,70,405.6666666666667,2022-03-02 21:06:54.999327,2022-03-02 21:08:31.231906,0 days 00:01:36.232579,relu,32,0.4,0.0002022711308961728,0.92,0.9999,0.0002743252075063399,0.9,10,256,small,0.4710230111271134,PRUNED
71,71,807.3333333333334,2022-03-02 21:07:49.076586,2022-03-02 21:09:24.165914,0 days 00:01:35.089328,relu,32,0.4,0.00020548814539780535,0.92,0.9,0.00026056646715744256,0.7,10,1024,small,0.5572517772431974,PRUNED
72,72,803.3333333333334,2022-03-02 21:08:22.246021,2022-03-02 21:09:52.016802,0 days 00:01:29.770781,relu,32,0.4,0.0002025863498778492,0.9,0.9,0.0002708009510650662,0.9,10,2048,small,0.5610258012192264,PRUNED
73,73,-6.0,2022-03-02 21:08:31.231906,2022-03-02 21:09:41.155720,0 days 00:01:09.923814,relu,64,0.4,0.00938806140468218,0.99,0.9999,0.00044453669916807536,0.7,5,256,medium,0.12295730291642809,PRUNED
74,74,399.6666666666667,2022-03-02 21:09:24.165914,2022-03-02 21:10:33.114932,0 days 00:01:08.949018,relu,64,0.4,0.008300743881318552,0.99,0.9999,0.00042624896937728087,0.7,5,256,medium,0.13063355317484587,PRUNED
75,75,392.3333333333333,2022-03-02 21:09:41.155720,2022-03-02 21:10:46.109772,0 days 00:01:04.954052,relu,64,0.4,0.004892176708572393,0.9,0.9999,0.0002093927929741844,0.7,5,2048,medium,0.04174621371453765,PRUNED
76,76,813.0,2022-03-02 21:09:52.016802,2022-03-02 21:10:59.684978,0 days 00:01:07.668176,relu,64,0.4,0.008098082432946909,0.99,0.9999,0.00018649746547878067,0.7,5,256,medium,0.04975434106315585,PRUNED
77,77,409.6666666666667,2022-03-02 21:10:33.114932,2022-03-02 21:11:39.110720,0 days 00:01:05.995788,relu,64,0.1,0.004361463186477987,0.99,0.95,0.00019408822332275084,0.7,5,256,medium,0.040645033725301344,PRUNED
78,78,406.6666666666667,2022-03-02 21:10:46.109772,2022-03-02 21:12:00.204052,0 days 00:01:14.094280,tanh,512,0.1,0.0003032731506096417,0.99,0.95,0.00051865777998957,0.7,20,256,medium,0.24650717262879168,PRUNED
79,79,401.0,2022-03-02 21:10:59.684978,2022-03-02 21:12:04.886354,0 days 00:01:05.201376,tanh,512,0.2,0.0003167328396820928,1.0,0.95,0.0001594747775379426,0.7,20,1024,medium,0.25430393200125256,PRUNED
80,80,807.0,2022-03-02 21:11:39.110720,2022-03-02 21:12:30.150231,0 days 00:00:51.039511,tanh,512,0.2,0.00030703575138123234,0.8,0.9,0.0005330878343968596,0.7,1,1024,medium,0.25192528135979325,PRUNED
81,81,1212.3333333333333,2022-03-02 21:12:00.204052,2022-03-02 21:13:50.045731,0 days 00:01:49.841679,relu,128,0.2,0.0008012847546782957,0.8,0.9,0.0006304584045138532,0.7,1,1024,medium,0.5155974621176085,COMPLETE
82,82,815.0,2022-03-02 21:12:04.886354,2022-03-02 21:12:59.460864,0 days 00:00:54.574510,relu,128,0.4,0.0008110684146950849,0.8,0.9,0.0008635085505828411,2.0,1,1024,medium,0.017742444767132826,PRUNED
83,83,809.6666666666666,2022-03-02 21:12:30.165857,2022-03-02 21:14:35.252330,0 days 00:02:05.086473,relu,512,0.4,0.00014330917597247644,0.92,0.9,0.00013029001802496452,0.7,10,1024,medium,0.5208009594648378,COMPLETE
84,84,1205.6666666666667,2022-03-02 21:12:59.460864,2022-03-02 21:15:04.470709,0 days 00:02:05.009845,relu,512,0.4,0.00023124864691461317,0.92,0.9,0.00040719015586401276,0.7,10,1024,medium,0.45222795130967997,COMPLETE
85,85,398.3333333333333,2022-03-02 21:13:50.045731,2022-03-02 21:14:42.776951,0 days 00:00:52.731220,relu,128,0.2,0.00024194214209872036,0.8,0.9,0.0006551359374366276,0.7,1,1024,medium,0.5162718980086834,PRUNED
86,86,401.6666666666667,2022-03-02 21:14:35.267956,2022-03-02 21:15:30.259453,0 days 00:00:54.991497,relu,128,0.2,0.0005708310624764531,0.8,0.9,0.00045554103842083954,0.7,1,1024,medium,0.484399546130437,PRUNED
87,87,400.6666666666667,2022-03-02 21:14:42.776951,2022-03-02 21:15:37.099151,0 days 00:00:54.322200,relu,128,0.2,0.0011912020294236939,0.95,0.995,0.0004063967297447348,0.7,1,64,medium,0.5999187827921956,PRUNED
88,88,1207.0,2022-03-02 21:15:04.470709,2022-03-02 21:16:23.592963,0 days 00:01:19.122254,relu,128,0.2,0.0005288349396116173,0.92,0.9,0.0005670854671369808,0.3,10,1024,medium,0.4549186420164346,COMPLETE
89,89,798.6666666666666,2022-03-02 21:17:32.698209,2022-03-02 21:18:41.124996,0 days 00:01:08.426787,relu,128,0.2,0.00023392261270460888,0.92,0.9,0.0008249997698738194,5.0,10,1024,medium,0.45446322727885996,PRUNED
90,90,806.3333333333334,2022-03-02 21:17:32.698209,2022-03-02 21:18:41.328122,0 days 00:01:08.629913,relu,128,0.2,0.0005593039977875891,0.92,0.9,0.0006019938641520715,5.0,10,1024,medium,0.45653418535338897,PRUNED
91,91,1200.0,2022-03-02 21:17:32.698209,2022-03-02 21:18:40.984372,0 days 00:01:08.286163,relu,128,0.2,0.0005420540148783451,0.92,0.9,0.0005937645832082109,5.0,10,1024,medium,0.46636713156760967,PRUNED
92,92,7.0,2022-03-02 21:18:40.984372,2022-03-02 21:19:51.424103,0 days 00:01:10.439731,relu,128,0.2,0.00036391728521673527,0.92,0.9,0.0009086086715935156,0.7,10,1024,medium,0.43051763359098144,PRUNED
93,93,1206.0,2022-03-02 21:18:41.124996,2022-03-02 21:21:09.380707,0 days 00:02:28.255711,relu,128,0.2,0.0003694189822991488,0.92,0.9,0.0006766323975068907,0.3,10,1024,medium,0.29867473393674104,COMPLETE
94,94,798.0,2022-03-02 21:18:41.328122,2022-03-02 21:19:41.592485,0 days 00:01:00.264363,relu,256,0.3,0.00036319235962863376,0.92,0.9,0.0006916361887247677,0.3,10,1024,medium,0.3143415534942822,PRUNED
95,95,813.3333333333334,2022-03-02 21:19:41.592485,2022-03-02 21:21:36.704458,0 days 00:01:55.111973,relu,512,0.2,0.0008048685318144268,0.92,0.99,0.000500639018816349,0.3,10,1024,medium,0.5751703487372475,COMPLETE
96,96,1202.3333333333333,2022-03-02 21:19:51.424103,2022-03-02 21:22:15.335002,0 days 00:02:23.910899,relu,512,0.3,0.00017845411771390908,0.92,0.99,0.0005415774516602322,0.3,10,128,medium,0.41844086072152903,COMPLETE
97,97,1216.6666666666667,2022-03-02 21:21:09.396334,2022-03-02 21:23:34.945838,0 days 00:02:25.549504,relu,128,0.2,0.00044150508155406,0.92,0.9,0.0004873892986843265,0.3,10,1024,medium,0.41738620405615917,COMPLETE
98,98,802.6666666666666,2022-03-02 21:21:36.704458,2022-03-02 21:22:43.525516,0 days 00:01:06.821058,relu,128,0.2,0.00018032838852953442,0.92,0.9,0.0005642700088436176,0.3,10,1024,medium,0.27917674119557195,PRUNED
99,99,809.0,2022-03-02 21:22:15.335002,2022-03-02 21:24:42.419540,0 days 00:02:27.084538,relu,128,0.2,0.00028251384703121613,0.92,0.9,0.0007821169291819005,0.3,10,1024,medium,0.38451664766395455,COMPLETE
100,100,804.6666666666666,2022-03-02 21:22:43.525516,2022-03-02 21:23:51.624501,0 days 00:01:08.098985,relu,128,0.2,0.00042819131251914063,1.0,0.9,0.0007508144277629505,0.7,10,1024,medium,0.3739590918378548,PRUNED
101,101,407.6666666666667,2022-03-02 21:23:34.961466,2022-03-02 21:24:40.818323,0 days 00:01:05.856857,relu,128,0.2,0.00043864896362130876,0.92,0.9,0.0006518338101902967,0.3,10,1024,medium,0.3790353976924796,PRUNED
102,102,800.6666666666666,2022-03-02 21:23:51.624501,2022-03-02 21:24:59.010010,0 days 00:01:07.385509,relu,128,0.2,0.0004970605845924828,0.92,0.9,0.00047342573658894866,0.3,10,1024,medium,0.32029842940789754,PRUNED
103,103,813.0,2022-03-02 21:24:40.818323,2022-03-02 21:25:48.719401,0 days 00:01:07.901078,relu,128,0.2,0.0005241936672663,0.92,0.9,0.0004941512856953801,0.3,10,1024,medium,0.3264444093016662,PRUNED
104,104,405.6666666666667,2022-03-02 21:24:42.419540,2022-03-02 21:25:50.485025,0 days 00:01:08.065485,relu,128,0.2,0.0004975477342541475,0.92,0.9,0.0004906312319849308,0.3,10,1024,medium,0.499567208385193,PRUNED
105,105,398.3333333333333,2022-03-02 21:24:59.010010,2022-03-02 21:25:59.785334,0 days 00:01:00.775324,relu,256,0.2,0.0006349305632165705,0.98,0.999,0.00038290109309868913,0.3,10,1024,medium,0.5394023962398199,PRUNED
106,106,805.0,2022-03-02 21:25:48.719401,2022-03-02 21:26:42.698029,0 days 00:00:53.978628,relu,256,0.2,0.0006717042352484198,0.98,0.999,2.29701513794749e-05,0.5,1,1024,medium,0.5036121864490186,PRUNED
107,107,808.3333333333334,2022-03-02 21:25:50.500650,2022-03-02 21:26:44.512800,0 days 00:00:54.012150,relu,256,0.3,0.00022353874294537928,0.98,0.999,0.0003831534669550528,0.5,1,1024,medium,0.5360074010511365,PRUNED
108,108,1207.3333333333333,2022-03-02 21:25:59.800960,2022-03-02 21:27:55.267347,0 days 00:01:55.466387,relu,32,0.3,0.0002260146335598554,0.92,0.9,0.0003286374470107266,0.5,1,128,medium,0.4159356953160943,COMPLETE
109,109,401.3333333333333,2022-03-02 21:26:42.698029,2022-03-02 21:28:21.065335,0 days 00:01:38.367306,relu,128,0.3,0.00022646509396991547,0.92,0.9,0.0004118713217417656,2.0,1,128,medium,0.480596968272732,COMPLETE
110,110,815.0,2022-03-02 21:26:44.512800,2022-03-02 21:31:20.445792,0 days 00:04:35.932992,relu,32,0.4,0.00036926118924793743,0.92,0.9,0.00033344195079184166,2.0,10,128,medium,0.4786021071255484,COMPLETE
111,111,806.6666666666666,2022-03-02 21:27:55.267347,2022-03-02 21:29:59.770881,0 days 00:02:04.503534,relu,32,0.4,0.00037799330136852207,0.92,0.9,0.00033830757699200125,0.5,10,128,medium,0.40258001336203864,PRUNED
112,112,796.3333333333334,2022-03-02 21:28:21.065335,2022-03-02 21:29:40.858881,0 days 00:01:19.793546,relu,32,0.4,0.00036156564886109224,0.92,0.9,0.0003335110609025648,0.5,10,512,small,0.4089643494235726,PRUNED
113,113,810.6666666666666,2022-03-02 21:29:40.858881,2022-03-02 21:30:31.636313,0 days 00:00:50.777432,relu,32,0.3,0.00026105806050655115,0.92,0.9,0.0003273413232773836,0.5,1,128,medium,0.4367916618819952,PRUNED
114,114,406.0,2022-03-02 21:29:59.770881,2022-03-02 21:30:53.095253,0 days 00:00:53.324372,relu,32,0.3,0.00026065883150942055,0.92,0.9,0.000279876212934921,0.7,1,128,medium,0.4484944693012536,PRUNED
115,115,410.0,2022-03-02 21:30:31.636313,2022-03-02 21:31:25.797803,0 days 00:00:54.161490,relu,32,0.3,0.00015572043190822615,1.0,0.9,0.00029774539053086814,0.7,1,128,medium,0.34866215099877496,PRUNED
116,116,823.0,2022-03-02 21:30:53.095253,2022-03-02 21:32:51.500065,0 days 00:01:58.404812,relu,32,0.3,0.0002880172985411543,1.0,0.9,0.000429986710050192,1.0,1,128,medium,0.35926664517820023,COMPLETE
117,117,1212.0,2022-03-02 21:31:20.445792,2022-03-02 21:33:11.271247,0 days 00:01:50.825455,relu,32,0.3,0.00015835905903295437,1.0,0.995,0.00044454570463411686,0.9,1,1024,medium,0.35832799054428727,COMPLETE
118,118,813.6666666666666,2022-03-02 21:31:25.813427,2022-03-02 21:33:06.669008,0 days 00:01:40.855581,relu,512,0.1,0.00028895694552711514,0.8,0.995,0.0006090469142679389,1.0,1,1024,medium,0.61423450054903,COMPLETE
119,119,809.0,2022-03-02 21:45:30.831185,2022-03-02 21:46:34.625853,0 days 00:01:03.794668,relu,512,0.4,0.00010585558919840107,1.0,0.995,0.0006858329944993965,0.9,10,1024,medium,0.2746545292151335,PRUNED
120,120,406.6666666666667,2022-03-02 21:45:30.831185,2022-03-02 21:46:34.938353,0 days 00:01:04.107168,relu,512,0.4,0.00011322855619060107,1.0,0.9,0.0005399733968894871,0.9,10,1024,medium,0.4193807954456191,PRUNED
121,121,802.0,2022-03-02 21:45:30.831185,2022-03-02 21:47:38.493044,0 days 00:02:07.661859,relu,512,0.4,0.0001863207096454115,1.0,0.995,0.0006741359002505767,0.9,10,1024,medium,0.29872743204023505,COMPLETE
122,122,397.3333333333333,2022-03-02 21:46:34.641478,2022-03-02 21:48:06.648401,0 days 00:01:32.006923,tanh,128,0.4,0.00019292147781192054,1.0,0.995,0.0005609325122454513,0.9,20,1024,medium,0.296112724845689,PRUNED
123,123,405.0,2022-03-02 21:46:34.938353,2022-03-02 21:47:31.538158,0 days 00:00:56.599805,relu,32,0.3,0.00032915399827281066,0.95,0.995,0.0004479728173604768,0.7,1,64,medium,0.2982874590027137,PRUNED
124,124,804.0,2022-03-02 21:47:31.553785,2022-03-02 21:48:28.974033,0 days 00:00:57.420248,relu,32,0.3,0.00018618900961035086,0.92,0.995,4.4695517839472235e-05,0.9,1,2048,medium,0.33294934432465856,PRUNED
125,125,2.6666666666666665,2022-03-02 21:47:38.493044,2022-03-02 21:48:36.233418,0 days 00:00:57.740374,tanh,32,0.3,0.0001363963015326727,0.92,0.9,0.0003826896188725785,0.9,1,2048,medium,0.3354951328237742,PRUNED
126,126,404.6666666666667,2022-03-02 21:48:06.648401,2022-03-02 21:49:06.085588,0 days 00:00:59.437187,relu,32,0.3,0.0001510041556621169,0.9,0.9,0.00037887193476501585,0.7,1,2048,medium,0.34184556494899676,PRUNED
127,127,1203.0,2022-03-02 21:48:28.974033,2022-03-02 21:49:29.691833,0 days 00:01:00.717800,relu,32,0.3,0.00014386202383976472,0.8,0.9,0.000389806616873075,0.7,1,1024,medium,0.3885082644408919,PRUNED
128,128,800.6666666666666,2022-03-02 21:48:36.233418,2022-03-02 21:49:37.370723,0 days 00:01:01.137305,relu,32,0.3,0.00015084144823491574,0.9,0.9,0.0006126650708207337,0.7,1,1024,medium,0.3884610501237609,PRUNED
129,129,406.0,2022-03-02 21:49:06.085588,2022-03-02 21:49:59.928992,0 days 00:00:53.843404,relu,128,0.2,0.0001325769988499819,0.8,0.9,0.0009331830170580908,0.7,1,1024,small,0.563153949808773,PRUNED
130,130,813.6666666666666,2022-03-02 21:49:29.691833,2022-03-02 21:50:33.484510,0 days 00:01:03.792677,relu,128,0.2,0.0020917641193356745,0.92,0.999,0.0006216582429639519,0.7,10,1024,small,0.5595539706755404,PRUNED
131,131,805.0,2022-03-02 21:49:37.370723,2022-03-02 21:50:51.141788,0 days 00:01:13.771065,relu,128,0.2,0.0014755447387673434,0.92,0.999,0.0002441707207533573,5.0,10,512,medium,0.5571370413601202,PRUNED
132,132,805.3333333333334,2022-03-02 21:49:59.928992,2022-03-02 21:51:12.742350,0 days 00:01:12.813358,relu,128,0.4,0.0007471327799825836,0.92,0.999,0.00045617159102423585,5.0,10,512,medium,0.6662074759745553,PRUNED
133,133,803.0,2022-03-02 21:50:33.485510,2022-03-02 21:51:32.309726,0 days 00:00:58.824216,relu,512,0.4,0.0029860246365373995,0.92,0.9999,0.00022399717668582366,0.3,5,256,medium,0.42413233769929715,PRUNED
134,134,809.0,2022-03-02 21:50:51.141788,2022-03-02 21:51:51.079369,0 days 00:00:59.937581,relu,512,0.4,0.00044735283262866093,0.92,0.9999,0.00016732902818938813,0.3,5,256,medium,0.07406246653774015,PRUNED
135,135,807.0,2022-03-02 21:51:12.742350,2022-03-02 21:52:12.943551,0 days 00:01:00.201201,relu,512,0.4,0.00042953728475075414,0.98,0.9999,0.00016319245665337662,0.3,5,256,medium,0.5183579186520647,PRUNED
136,136,799.0,2022-03-02 21:51:32.309726,2022-03-02 21:52:31.761069,0 days 00:00:59.451343,relu,512,0.4,0.0009925289677522094,0.98,0.9999,0.00030642509734917227,0.3,5,256,medium,0.06922593935593968,PRUNED
137,137,810.0,2022-03-02 21:51:51.079369,2022-03-02 21:52:57.844546,0 days 00:01:06.765177,relu,512,0.4,0.00022866881918905647,0.98,0.9999,9.860106266139052e-05,0.3,10,256,medium,0.22684013167092867,PRUNED
138,138,1203.3333333333333,2022-03-02 21:52:12.943551,2022-03-02 21:54:15.292959,0 days 00:02:02.349408,relu,512,0.4,0.00016535234525430316,0.99,0.99,0.0002922628592356414,0.3,10,1024,medium,0.22219186580370592,COMPLETE
139,139,801.0,2022-03-02 21:52:31.776694,2022-03-02 21:53:32.062652,0 days 00:01:00.285958,relu,512,0.1,0.00017120820681627353,0.99,0.9,0.00010083991581249581,0.3,10,1024,medium,0.455704279592896,PRUNED
140,140,1.0,2022-03-02 21:52:57.844546,2022-03-02 21:54:12.255609,0 days 00:01:14.411063,relu,256,0.1,0.00017184498216481098,0.99,0.9,0.0005114199755436713,0.7,20,1024,medium,0.4501678287464867,PRUNED
141,141,809.3333333333334,2022-03-02 21:53:32.062652,2022-03-02 21:54:47.360813,0 days 00:01:15.298161,relu,256,0.4,0.000335392027651465,0.95,0.99,8.868704792489832e-05,0.7,20,1024,medium,0.36607583618608946,PRUNED
142,142,797.3333333333334,2022-03-02 21:54:12.255609,2022-03-02 21:55:07.146243,0 days 00:00:54.890634,relu,512,0.4,0.00021652130298314368,0.92,0.99,7.876102312046296e-05,0.5,1,64,medium,0.9544037008260726,PRUNED
143,143,806.0,2022-03-02 21:54:15.292959,2022-03-02 21:56:19.557364,0 days 00:02:04.264405,relu,512,0.4,0.00021299519163687342,0.99,0.99,0.00024598186809766053,0.3,10,1024,medium,0.36296673017280734,COMPLETE
144,144,825.6666666666666,2022-03-02 21:54:47.360813,2022-03-02 21:55:47.880894,0 days 00:01:00.520081,relu,512,0.4,0.00023693652328108007,0.99,0.99,0.00025665917660494184,0.3,10,1024,medium,0.4878751190990684,PRUNED
145,145,808.3333333333334,2022-03-02 21:55:07.146243,2022-03-02 21:56:06.794988,0 days 00:00:59.648745,relu,512,0.4,0.00020663657814241185,0.99,0.99,0.0002553059752971082,0.3,10,1024,medium,0.1673290436652434,PRUNED
146,146,5.333333333333333,2022-03-02 21:55:47.880894,2022-03-02 21:56:48.601647,0 days 00:01:00.720753,relu,512,0.4,0.0008968994737645144,0.99,0.99,0.00027843370020850736,0.3,10,1024,medium,0.5930144726127726,PRUNED
147,147,3.6666666666666665,2022-03-02 21:56:06.794988,2022-03-02 21:57:05.325877,0 days 00:00:58.530889,relu,512,0.4,0.00039896911004205944,0.99,0.95,0.00028772206033000057,0.3,10,1024,medium,0.17845214183780772,PRUNED
148,148,398.6666666666667,2022-03-02 21:56:19.557364,2022-03-02 21:58:22.556700,0 days 00:02:02.999336,relu,32,0.4,0.001158519959141099,1.0,0.95,0.00021207581494471405,0.3,10,1024,medium,0.19690092567818251,PRUNED
149,149,398.6666666666667,2022-03-02 21:56:48.617279,2022-03-02 21:58:59.470888,0 days 00:02:10.853609,relu,32,0.2,0.0006067080584561473,1.0,0.9,0.0004406018323714591,0.7,10,128,medium,0.10473809326010536,PRUNED
150,150,805.0,2022-03-02 21:57:05.325877,2022-03-02 21:57:55.366971,0 days 00:00:50.041094,relu,32,0.2,0.000603363711397608,1.0,0.9,0.00035901806235546667,0.7,1,128,medium,0.10619927468204968,PRUNED
151,151,802.6666666666666,2022-03-02 21:57:55.366971,2022-03-02 21:58:58.163855,0 days 00:01:02.796884,relu,128,0.2,0.0011204294681622527,0.92,0.9,0.00042993172397987766,0.7,10,1024,medium,0.4022048922394083,PRUNED
152,152,401.6666666666667,2022-03-02 21:58:22.556700,2022-03-02 21:59:29.079279,0 days 00:01:06.522579,relu,128,0.2,0.00025692969049917745,0.92,0.9,0.0004284621690582521,0.7,10,1024,medium,0.2729442045694755,PRUNED
153,153,805.0,2022-03-02 21:58:58.163855,2022-03-02 22:00:08.979410,0 days 00:01:10.815555,relu,512,0.3,0.00016650092740537042,0.92,0.99,0.0005695641102329549,0.3,10,128,medium,0.4180984788951177,PRUNED
154,154,1199.0,2022-03-02 21:58:59.470888,2022-03-02 22:00:10.580202,0 days 00:01:11.109314,relu,512,0.3,0.00026294179894306697,0.92,0.99,0.0005551372619988952,0.3,10,128,medium,0.42939101399316776,PRUNED
155,155,806.0,2022-03-02 21:59:29.079279,2022-03-02 22:00:41.067645,0 days 00:01:11.988366,relu,512,0.3,0.00031442608535281474,0.92,0.99,0.0005577036689675886,0.3,10,128,medium,0.42151186532076457,PRUNED
156,156,808.6666666666666,2022-03-02 22:00:08.979410,2022-03-02 22:01:11.495290,0 days 00:01:02.515880,relu,512,0.3,0.0001294424139478144,0.92,0.99,0.0004932889365720342,0.3,10,128,medium,0.43533322215607273,PRUNED
157,157,1213.0,2022-03-02 22:00:10.580202,2022-03-02 22:01:25.505113,0 days 00:01:14.924911,relu,512,0.3,0.00019700400466243103,0.92,0.99,0.0004818546353189264,0.3,1,128,medium,0.4651520926629518,COMPLETE
158,158,400.0,2022-03-02 22:39:44.903133,2022-03-02 22:40:37.809685,0 days 00:00:52.906552,relu,512,0.3,0.00047461059330248693,0.8,0.9999,0.0007870184508599401,0.5,1,256,medium,0.47897928841915655,PRUNED
159,159,804.6666666666666,2022-03-02 22:39:44.903133,2022-03-02 22:41:31.147757,0 days 00:01:46.244624,relu,512,0.3,0.00047580743915762305,0.8,0.9999,0.00019531064145657926,0.5,1,256,medium,0.471063261391329,COMPLETE
160,160,805.6666666666666,2022-03-02 22:39:44.903133,2022-03-02 22:40:37.544061,0 days 00:00:52.640928,relu,512,0.3,0.0001920500449120555,0.8,0.9999,0.0001393600932045689,5.0,1,256,medium,0.4660136662029029,PRUNED
161,161,806.3333333333334,2022-03-02 22:40:37.544061,2022-03-02 22:41:30.304007,0 days 00:00:52.759946,tanh,128,0.4,0.0004907165056790185,0.92,0.9,0.0007878757664294275,0.5,1,1024,medium,0.5077702736217773,PRUNED
162,162,404.0,2022-03-02 22:40:37.809685,2022-03-02 22:41:30.632131,0 days 00:00:52.822446,tanh,128,0.4,0.00011350883993861524,0.92,0.9,0.0007068960184336315,2.0,1,1024,medium,0.5199001118124785,PRUNED
163,163,5.0,2022-03-02 22:41:30.304007,2022-03-02 22:42:23.538529,0 days 00:00:53.234522,relu,512,0.3,0.0001841408182774366,0.92,0.99,0.0005120906850048929,0.3,1,128,medium,0.4571048317822329,PRUNED
164,164,804.0,2022-03-02 22:41:30.632131,2022-03-02 22:42:23.905752,0 days 00:00:53.273621,relu,512,0.3,0.00016282342339983725,0.92,0.99,0.0005142698118918199,0.3,1,128,medium,0.4002659750330404,PRUNED
165,165,800.0,2022-03-02 22:41:31.147757,2022-03-02 22:43:13.801308,0 days 00:01:42.653551,relu,512,0.3,0.0001606262815766133,0.92,0.99,0.0005123455063148604,0.3,1,128,medium,0.4040218557453029,COMPLETE
166,166,808.6666666666666,2022-03-02 22:42:23.538529,2022-03-02 22:43:30.823509,0 days 00:01:07.284980,relu,512,0.3,0.00015868549636700345,0.92,0.99,0.00048307316890361146,0.3,10,128,medium,0.39828733550697487,PRUNED
167,167,1201.6666666666667,2022-03-02 22:42:23.905752,2022-03-02 22:43:31.151632,0 days 00:01:07.245880,relu,512,0.3,0.0002462439671732967,0.92,0.99,0.0004697907654146934,0.3,10,128,medium,0.44116762041764174,PRUNED
168,168,804.0,2022-03-02 22:43:13.801308,2022-03-02 22:45:11.292051,0 days 00:01:57.490743,relu,32,0.3,0.00024439975338167656,0.92,0.995,0.0006305314743570222,0.3,10,128,medium,0.3767088930435756,PRUNED
169,169,806.6666666666666,2022-03-02 22:43:30.823509,2022-03-02 22:46:05.383973,0 days 00:02:34.560464,relu,32,0.4,0.005759553121990442,0.92,0.995,0.0006092147866511392,0.7,5,128,medium,0.22491604506027157,COMPLETE
170,170,815.3333333333334,2022-03-02 22:43:31.151632,2022-03-02 22:44:42.289596,0 days 00:01:11.137964,relu,32,0.4,0.0002849276631149706,0.92,0.995,0.0006466795711417374,0.7,5,1024,medium,0.4957789849247708,PRUNED
171,171,404.0,2022-03-02 22:44:42.289596,2022-03-02 22:46:30.862378,0 days 00:01:48.572782,relu,32,0.2,0.0002039320121548447,0.92,0.9,0.00040804497120782265,0.9,10,1024,medium,0.23089372254965057,PRUNED
172,172,404.0,2022-03-02 22:45:11.292051,2022-03-02 22:46:07.508972,0 days 00:00:56.216921,relu,128,0.2,0.00019750638569757876,0.95,0.9,0.0003511506666892105,0.9,10,1024,medium,0.21771846836491363,PRUNED
173,173,1204.0,2022-03-02 22:46:05.383973,2022-03-02 22:46:58.789850,0 days 00:00:53.405877,relu,32,0.3,0.0003351010116376999,1.0,0.9,0.00041286870398670746,0.9,1,128,medium,0.34905883635699886,PRUNED
174,174,404.3333333333333,2022-03-02 22:46:07.508972,2022-03-02 22:47:01.813681,0 days 00:00:54.304709,relu,32,0.3,0.0003446102267484861,1.0,0.9,0.0004181752870122876,1.0,1,128,medium,0.31005175946237923,PRUNED
175,175,809.0,2022-03-02 22:46:30.878002,2022-03-02 22:47:30.325397,0 days 00:00:59.447395,relu,32,0.3,0.00034158329524729944,1.0,0.9,0.00045751935391605687,1.0,1,128,medium,0.36580429682811355,PRUNED
176,176,808.0,2022-03-02 22:46:58.789850,2022-03-02 22:47:55.972840,0 days 00:00:57.182990,relu,256,0.3,0.0003945193195420335,1.0,0.9,0.00031992309491483956,1.0,1,128,medium,0.3674162776769566,PRUNED
177,177,404.6666666666667,2022-03-02 22:47:01.813681,2022-03-02 22:47:57.379093,0 days 00:00:55.565412,relu,256,0.3,0.0002909185251566607,1.0,0.9,0.00031400371845758865,0.7,1,128,small,0.3698426586938669,PRUNED
178,178,4.0,2022-03-02 22:47:30.325397,2022-03-02 22:48:27.825670,0 days 00:00:57.500273,relu,256,0.3,0.0002915860794221882,1.0,0.9,0.00030912713789959064,1.0,1,64,small,0.5397073968520892,PRUNED
179,179,805.6666666666666,2022-03-02 22:47:55.972840,2022-03-02 22:48:54.927167,0 days 00:00:58.954327,relu,512,0.4,0.0002921489108635467,0.99,0.9,0.0005759728685389502,1.0,1,64,medium,0.4453951737710034,PRUNED
180,180,394.3333333333333,2022-03-02 22:47:57.379093,2022-03-02 22:48:56.177166,0 days 00:00:58.798073,relu,512,0.4,0.0035799087153800787,0.99,0.9,0.0003710216336350512,1.0,1,64,medium,0.5394742123332862,PRUNED
181,181,802.6666666666666,2022-03-02 22:48:27.825670,2022-03-02 22:49:18.903581,0 days 00:00:51.077911,relu,512,0.4,0.0002252235244901742,0.99,0.999,0.0003654268016653437,5.0,1,1024,medium,0.44066307684502953,PRUNED
182,182,400.6666666666667,2022-03-02 22:48:54.927167,2022-03-02 22:50:54.024970,0 days 00:01:59.097803,relu,32,0.4,0.00023593137266978177,0.9,0.999,0.0003848454092571455,5.0,10,1024,medium,0.4166725943610509,PRUNED
183,183,1209.0,2022-03-02 22:48:56.177166,2022-03-02 22:51:06.346868,0 days 00:02:10.169702,relu,64,0.4,0.007323827642530363,0.99,0.9999,0.00023919189972201204,0.7,5,256,medium,0.017856688227465417,COMPLETE
184,184,797.0,2022-03-02 22:49:18.903581,2022-03-02 22:50:21.572122,0 days 00:01:02.668541,relu,64,0.4,0.009833882229797183,0.99,0.9999,0.0002235381875306217,0.7,5,256,medium,0.039584046830729615,PRUNED
185,185,803.6666666666666,2022-03-02 22:50:21.572122,2022-03-02 22:51:22.447162,0 days 00:01:00.875040,relu,64,0.4,0.006596152343901467,0.99,0.9999,0.00023737314443303517,0.7,5,256,medium,0.002971611251189922,PRUNED
186,186,814.0,2022-03-02 22:50:54.040595,2022-03-02 22:51:58.439951,0 days 00:01:04.399356,relu,64,0.4,0.00743694245600067,0.99,0.9999,0.0001960985863349046,0.7,5,256,medium,0.0013538283324255182,PRUNED
187,187,1211.3333333333333,2022-03-02 22:51:06.346868,2022-03-02 22:53:18.895267,0 days 00:02:12.548399,relu,64,0.4,0.00018317456126841245,0.99,0.9999,0.00018792738454117072,0.7,5,256,medium,0.025353426520037105,COMPLETE
188,188,801.0,2022-03-02 22:51:22.447162,2022-03-02 22:52:26.441753,0 days 00:01:03.994591,relu,64,0.4,0.00021698472902931,0.98,0.9999,0.00018688084208799347,0.7,5,256,medium,0.12560654474706207,PRUNED
189,189,1201.6666666666667,2022-03-02 22:51:58.439951,2022-03-02 22:53:01.417497,0 days 00:01:02.977546,relu,64,0.2,0.0013375811528406095,0.98,0.9999,0.0004555254032584381,0.7,5,256,medium,0.0772651593250987,PRUNED
190,190,408.0,2022-03-02 22:52:26.441753,2022-03-02 22:53:29.332659,0 days 00:01:02.890906,relu,128,0.2,0.00010063253803597548,0.92,0.9999,0.00026884758273690296,0.7,10,1024,medium,0.5781278848690969,PRUNED
191,191,804.0,2022-03-02 22:53:01.417497,2022-03-02 22:54:05.384380,0 days 00:01:03.966883,relu,128,0.4,0.0004012645392267669,0.92,0.9,0.0005550595390503188,0.3,10,1024,medium,0.4846938952277124,PRUNED
192,192,-2.6666666666666665,2022-03-02 22:53:18.895267,2022-03-02 22:54:22.750815,0 days 00:01:03.855548,relu,64,0.4,0.00017803613868568868,0.99,0.9999,0.0002650695727288241,0.7,5,256,medium,0.05246058596809884,PRUNED
193,193,398.6666666666667,2022-03-02 22:53:29.332659,2022-03-02 22:54:33.737475,0 days 00:01:04.404816,relu,64,0.4,0.0001736248007683347,0.99,0.9999,0.00021371881399653077,0.7,5,256,medium,0.031626164847543575,PRUNED
194,194,403.3333333333333,2022-03-02 22:54:05.384380,2022-03-02 22:55:09.605481,0 days 00:01:04.221101,relu,64,0.4,0.0001859001806140492,0.99,0.9999,0.0002168241438955374,0.7,5,256,medium,0.021273000909390438,PRUNED
195,195,402.3333333333333,2022-03-02 22:54:22.750815,2022-03-02 22:55:21.050750,0 days 00:00:58.299935,relu,64,0.4,0.000184730610740933,0.99,0.9999,0.0005199444830333999,0.7,5,256,medium,0.03484368579301845,PRUNED
196,196,801.0,2022-03-02 22:54:33.737475,2022-03-02 22:55:25.979316,0 days 00:00:52.241841,relu,64,0.4,0.0001932551074509819,0.99,0.9999,0.00015395043869091977,0.7,5,256,medium,0.018811340773613863,PRUNED
